entregador_id,semana_id,entregas_realizadas,horas_online,avaliacao_media,cancelamentos,ativo
1,1,24,7.6,4.44,0,True
1,2,27,10.1,4.81,0,True
1,3,26,8.1,4.28,1,True
1,4,23,7.6,4.32,1,True
1,5,23,6.9,4.77,2,True
1,6,36,13.5,4.6,0,True
1,7,28,10.7,4.52,0,True
1,8,33,10.6,4.71,1,True
1,9,27,8.1,4.6,3,True
1,10,34,12.1,4.48,3,True
1,11,37,13.4,4.76,1,True
1,12,40,11.8,4.54,1,True
2,1,36,11.8,4.62,1,True
2,2,32,11.2,4.6,0,True
2,3,30,10.8,4.61,1,True
2,4,33,10.6,4.53,0,True
2,5,33,12.6,4.86,0,True
2,6,37,12.5,4.95,2,True
2,7,37,12.2,4.66,0,True
2,8,33,10.7,4.33,1,True
2,9,40,14.4,4.78,0,True
2,10,35,11.9,4.67,2,True
2,11,39,13.1,4.32,0,True
2,12,33,11.1,4.71,0,True
3,1,19,6.9,4.75,0,True
3,2,17,6.5,4.64,4,True
3,3,25,8.1,4.45,1,True
3,4,17,5.3,4.12,1,True
3,5,21,6.6,4.82,0,True
3,6,23,6.9,4.92,0,True
3,7,25,7.6,4.43,2,True
3,8,18,6.6,4.15,1,True
3,9,32,10.0,4.66,0,True
3,10,26,7.9,4.83,2,True
3,11,23,8.5,4.54,1,True
3,12,25,8.5,4.8,1,True
4,1,41,14.1,4.79,0,True
4,2,40,13.5,4.64,1,True
4,3,32,12.2,4.65,0,True
4,4,30,9.3,4.74,0,True
4,5,39,13.8,4.68,3,True
4,6,42,15.5,4.25,1,True
4,7,46,16.1,4.28,2,True
4,8,48,17.1,4.59,0,True
4,9,44,14.7,4.4,0,True
4,10,38,12.8,4.74,1,True
4,11,47,17.1,4.76,0,True
4,12,45,14.3,4.85,1,True
5,1,30,9.5,4.41,0,True
5,2,30,10.8,4.63,0,True
5,3,24,8.9,5.0,1,True
5,4,26,8.4,4.45,2,True
5,5,29,9.6,4.56,1,True
5,6,27,10.3,4.25,0,True
5,7,28,10.2,4.59,0,True
5,8,25,9.4,4.7,0,True
5,9,32,9.6,4.58,1,True
5,10,29,8.9,4.63,0,True
5,11,31,10.9,4.4,0,True
5,12,0,0.0,,0,False
6,1,33,12.3,4.42,0,True
6,2,30,9.7,4.34,0,True
6,3,33,12.5,4.83,0,True
6,4,31,9.4,4.63,1,True
6,5,36,12.3,4.62,1,True
6,6,35,11.9,4.87,0,True
6,7,38,11.3,4.4,0,True
6,8,42,12.9,4.91,0,True
6,9,49,16.1,4.42,0,True
6,10,42,15.8,4.63,0,True
6,11,36,10.7,4.66,0,True
6,12,36,11.3,4.41,0,True
7,1,28,9.4,4.75,0,True
7,2,18,5.4,4.45,0,True
7,3,23,8.4,4.68,0,True
7,4,26,9.9,4.51,0,True
7,5,20,6.0,4.16,1,True
7,6,35,11.6,4.78,0,True
7,7,29,10.0,4.14,0,True
7,8,28,9.7,4.47,1,True
7,9,33,10.9,4.49,1,True
7,10,32,9.4,4.92,0,True
7,11,29,9.1,4.58,2,True
7,12,29,8.9,4.33,0,True
8,1,39,11.9,4.67,0,True
8,2,33,10.4,4.37,0,True
8,3,37,13.4,4.52,2,True
8,4,39,14.8,4.2,0,True
8,5,45,13.4,4.58,1,True
8,6,39,12.9,4.66,3,True
8,7,45,15.6,4.8,0,True
8,8,39,11.7,4.7,0,True
8,9,49,17.4,3.83,0,True
8,10,43,14.3,4.91,0,True
8,11,46,15.6,4.69,1,True
8,12,40,14.6,4.89,1,True
9,1,40,12.2,4.41,0,True
9,2,35,10.7,3.91,1,True
9,3,44,14.7,4.92,0,True
9,4,38,12.7,4.61,2,True
9,5,45,14.9,4.7,0,True
9,6,37,12.8,4.73,2,True
9,7,34,12.2,4.67,0,True
9,8,37,10.9,4.81,1,True
9,9,36,12.5,4.55,2,True
9,10,42,13.8,4.76,3,True
9,11,37,13.0,4.9,3,True
9,12,46,17.1,4.88,1,True
10,1,31,11.2,4.57,0,True
10,2,27,10.2,4.43,2,True
10,3,30,10.5,4.77,2,True
10,4,35,10.3,4.78,0,True
10,5,32,10.5,4.49,0,True
10,6,37,11.8,4.85,2,True
10,7,32,11.9,4.67,2,True
10,8,41,14.8,4.24,2,True
10,9,37,11.2,4.13,1,True
10,10,36,13.1,5.0,2,True
10,11,39,12.0,4.63,2,True
10,12,32,11.0,4.85,2,True
11,1,24,7.4,5.0,0,True
11,2,25,7.7,4.47,0,True
11,3,19,6.3,4.62,1,True
11,4,15,5.4,4.27,0,True
11,5,19,6.9,4.49,1,True
11,6,20,7.4,4.68,3,True
11,7,24,9.2,5.0,2,True
11,8,21,7.0,4.81,0,True
11,9,23,7.9,4.8,0,True
11,10,19,6.3,5.0,2,True
11,11,24,8.5,4.85,0,True
11,12,25,7.8,4.69,1,True
12,1,40,12.8,4.8,0,True
12,2,35,10.7,4.74,1,True
12,3,34,10.4,5.0,0,True
12,4,33,11.5,4.46,1,True
12,5,39,12.5,4.86,1,True
12,6,42,12.5,4.7,1,True
12,7,40,14.7,5.0,0,True
12,8,36,10.9,4.49,1,True
12,9,35,12.7,4.96,4,True
12,10,39,13.3,4.71,0,True
12,11,50,18.8,4.97,2,True
12,12,39,14.1,4.94,0,True
13,1,32,10.5,4.72,0,True
13,2,37,11.4,4.76,2,True
13,3,27,9.1,4.91,0,True
13,4,36,12.9,4.95,0,True
13,5,40,13.4,4.35,1,True
13,6,32,10.4,4.45,0,True
13,7,37,12.3,4.83,2,True
13,8,45,16.5,4.46,0,True
13,9,44,14.0,4.59,2,True
13,10,43,13.0,4.77,1,True
13,11,42,13.3,4.75,0,True
13,12,36,12.1,4.56,0,True
14,1,22,6.5,4.34,0,True
14,2,26,9.3,4.59,1,True
14,3,21,6.5,4.35,0,True
14,4,16,5.0,4.63,0,True
14,5,24,8.5,4.77,0,True
14,6,27,9.8,4.69,1,True
14,7,28,10.2,4.54,0,True
14,8,21,7.6,4.16,0,True
14,9,19,5.8,4.34,3,True
14,10,27,8.6,4.38,0,True
14,11,29,8.6,4.65,3,True
14,12,26,9.9,4.58,0,True
15,1,30,10.7,4.64,0,True
15,2,30,10.4,4.17,2,True
15,3,29,8.9,4.28,3,True
15,4,28,8.9,4.54,2,True
15,5,27,9.7,4.85,1,True
15,6,29,8.8,4.34,0,True
15,7,24,8.5,4.87,0,True
15,8,31,9.9,4.82,3,True
15,9,27,8.5,5.0,1,True
15,10,32,10.3,4.56,0,True
15,11,32,9.9,4.72,0,True
15,12,28,9.1,4.87,0,True
16,1,32,11.0,4.46,1,True
16,2,29,9.3,4.88,1,True
16,3,31,10.9,4.44,0,True
16,4,35,11.5,4.39,0,True
16,5,25,9.6,4.26,0,True
16,6,30,9.9,4.6,0,True
16,7,35,12.2,4.81,0,True
16,8,34,12.7,4.6,0,True
16,9,0,0.0,,0,False
16,10,0,0.0,,0,False
16,11,0,0.0,,0,False
16,12,0,0.0,,0,False
17,1,40,13.0,5.0,0,True
17,2,0,0.0,,0,False
17,3,0,0.0,,0,False
17,4,0,0.0,,0,False
17,5,0,0.0,,0,False
17,6,0,0.0,,0,False
17,7,0,0.0,,0,False
17,8,0,0.0,,0,False
17,9,0,0.0,,0,False
17,10,0,0.0,,0,False
17,11,0,0.0,,0,False
17,12,0,0.0,,0,False
18,1,34,11.0,4.72,0,True
18,2,32,9.4,4.62,2,True
18,3,29,9.2,4.46,1,True
18,4,30,10.7,4.94,0,True
18,5,36,13.8,4.63,1,True
18,6,33,10.7,5.0,1,True
18,7,36,10.9,4.74,1,True
18,8,24,9.2,4.04,0,True
18,9,28,9.9,4.68,0,True
18,10,35,10.6,4.68,1,True
18,11,30,10.5,4.71,0,True
18,12,29,9.0,4.43,0,True
19,1,32,10.5,4.8,0,True
19,2,35,11.8,4.5,0,True
19,3,32,9.8,4.74,2,True
19,4,33,12.3,4.99,0,True
19,5,38,12.5,4.66,2,True
19,6,40,13.1,4.26,1,True
19,7,0,0.0,,0,False
19,8,0,0.0,,0,False
19,9,0,0.0,,0,False
19,10,0,0.0,,0,False
19,11,0,0.0,,0,False
19,12,0,0.0,,0,False
20,1,42,12.9,4.41,0,True
20,2,43,13.4,4.41,0,True
20,3,38,13.4,4.57,2,True
20,4,42,15.7,4.79,0,True
20,5,33,11.1,4.35,0,True
20,6,45,13.7,4.28,0,True
20,7,44,15.7,4.2,2,True
20,8,50,16.1,4.59,2,True
20,9,42,14.1,4.57,1,True
20,10,52,16.7,4.66,1,True
20,11,47,17.0,4.66,1,True
20,12,46,15.9,4.48,0,True
21,1,45,15.2,4.52,4,True
21,2,30,9.7,4.53,0,True
21,3,35,10.9,4.63,0,True
21,4,34,11.2,4.69,4,True
21,5,38,13.0,4.6,1,True
21,6,44,14.1,4.74,0,True
21,7,48,14.3,4.63,0,True
21,8,44,14.9,4.57,0,True
21,9,45,16.0,4.72,0,True
21,10,50,18.2,4.37,1,True
21,11,41,13.9,4.48,0,True
21,12,49,15.3,5.0,0,True
22,1,17,6.0,4.71,1,True
22,2,17,5.3,4.79,1,True
22,3,10,3.5,4.86,0,True
22,4,17,6.4,4.48,0,True
22,5,0,0.0,,0,False
22,6,0,0.0,,0,False
22,7,0,0.0,,0,False
22,8,0,0.0,,0,False
22,9,0,0.0,,0,False
22,10,0,0.0,,0,False
22,11,0,0.0,,0,False
22,12,0,0.0,,0,False
23,1,25,9.2,4.84,1,True
23,2,26,9.8,4.32,4,True
23,3,31,10.7,4.58,2,True
23,4,25,9.4,4.9,2,True
23,5,29,11.1,4.39,2,True
23,6,35,12.9,4.74,3,True
23,7,32,12.3,4.44,0,True
23,8,39,12.3,4.73,1,True
23,9,32,12.3,4.66,0,True
23,10,37,11.5,5.0,0,True
23,11,31,11.2,4.57,1,True
23,12,34,12.7,4.43,0,True
24,1,31,10.7,4.44,3,True
24,2,33,11.5,4.84,1,True
24,3,0,0.0,,0,False
24,4,0,0.0,,0,False
24,5,0,0.0,,0,False
24,6,0,0.0,,0,False
24,7,0,0.0,,0,False
24,8,0,0.0,,0,False
24,9,0,0.0,,0,False
24,10,0,0.0,,0,False
24,11,0,0.0,,0,False
24,12,0,0.0,,0,False
25,1,24,8.5,4.76,0,True
25,2,15,5.3,4.74,0,True
25,3,17,6.4,4.51,0,True
25,4,18,5.6,4.3,0,True
25,5,18,5.8,4.86,2,True
25,6,28,10.4,4.51,0,True
25,7,29,10.5,4.61,1,True
25,8,29,10.1,4.27,1,True
25,9,30,9.4,4.18,1,True
25,10,22,7.8,4.75,0,True
25,11,30,11.3,4.82,2,True
25,12,28,8.8,4.88,0,True
26,1,31,10.5,4.68,2,True
26,2,35,11.6,4.25,1,True
26,3,28,9.7,4.38,2,True
26,4,36,11.1,4.7,0,True
26,5,29,9.0,4.87,1,True
26,6,24,9.1,4.84,1,True
26,7,37,11.8,4.46,0,True
26,8,34,11.0,4.87,0,True
26,9,30,11.1,4.48,1,True
26,10,32,10.6,4.49,0,True
26,11,38,11.3,4.84,2,True
26,12,27,8.9,4.47,0,True
27,1,37,11.7,4.82,0,True
27,2,41,15.4,4.2,1,True
27,3,40,13.3,4.75,2,True
27,4,37,13.8,4.5,0,True
27,5,36,12.7,4.33,2,True
27,6,39,13.6,4.54,0,True
27,7,39,14.6,4.62,2,True
27,8,27,9.6,4.91,1,True
27,9,37,12.0,4.65,0,True
27,10,32,9.7,4.53,2,True
27,11,32,10.5,4.6,0,True
27,12,0,0.0,,0,False
28,1,23,6.9,4.53,0,True
28,2,31,9.6,4.58,0,True
28,3,22,7.1,4.47,0,True
28,4,0,0.0,,0,False
28,5,0,0.0,,0,False
28,6,0,0.0,,0,False
28,7,0,0.0,,0,False
28,8,0,0.0,,0,False
28,9,0,0.0,,0,False
28,10,0,0.0,,0,False
28,11,0,0.0,,0,False
28,12,0,0.0,,0,False
29,1,29,9.8,4.75,0,True
29,2,31,9.5,4.48,2,True
29,3,27,8.9,4.78,2,True
29,4,32,9.7,4.09,0,True
29,5,28,8.7,4.63,1,True
29,6,32,10.3,4.87,1,True
29,7,33,11.7,5.0,5,True
29,8,30,9.3,4.53,1,True
29,9,32,10.9,4.88,0,True
29,10,35,13.3,4.59,1,True
29,11,34,12.2,4.39,0,True
29,12,31,10.2,4.63,0,True
30,1,20,6.7,5.0,0,True
30,2,30,9.9,4.21,1,True
30,3,20,6.0,4.07,1,True
30,4,23,8.4,4.84,2,True
30,5,29,9.0,4.54,0,True
30,6,28,9.6,4.96,0,True
30,7,34,10.6,4.75,0,True
30,8,33,10.2,4.64,1,True
30,9,32,11.2,4.73,0,True
30,10,34,10.3,4.57,1,True
30,11,30,10.0,4.76,1,True
30,12,25,9.1,4.99,1,True
31,1,26,8.4,4.55,0,True
31,2,28,8.3,4.83,0,True
31,3,24,7.7,4.69,2,True
31,4,32,9.5,4.41,0,True
31,5,25,7.7,4.17,1,True
31,6,32,9.8,4.39,0,True
31,7,28,9.6,4.95,1,True
31,8,34,12.3,4.78,0,True
31,9,32,12.1,4.13,3,True
31,10,39,14.4,4.58,1,True
31,11,33,11.5,4.46,1,True
31,12,34,12.9,5.0,0,True
32,1,32,11.6,4.84,0,True
32,2,43,14.8,4.8,1,True
32,3,38,12.9,4.41,0,True
32,4,31,10.1,4.9,0,True
32,5,41,13.1,4.44,4,True
32,6,49,15.4,4.78,1,True
32,7,46,14.0,4.53,3,True
32,8,46,13.7,4.53,1,True
32,9,51,18.2,4.96,1,True
32,10,49,14.9,4.54,0,True
32,11,46,13.9,4.7,0,True
32,12,46,15.5,4.6,1,True
33,1,29,8.7,4.74,1,True
33,2,23,8.7,4.43,1,True
33,3,28,8.4,4.34,2,True
33,4,32,12.0,4.58,1,True
33,5,24,8.6,4.56,2,True
33,6,24,8.6,4.73,0,True
33,7,29,9.3,4.53,1,True
33,8,27,9.8,4.38,0,True
33,9,29,9.3,4.61,2,True
33,10,32,12.1,4.76,0,True
33,11,24,7.6,5.0,2,True
33,12,32,10.5,4.48,0,True
34,1,27,9.1,5.0,0,True
34,2,36,12.2,4.92,0,True
34,3,32,10.2,4.54,1,True
34,4,32,10.0,4.7,0,True
34,5,35,12.4,4.75,0,True
34,6,36,11.1,4.83,1,True
34,7,34,10.8,4.87,1,True
34,8,32,10.3,4.69,0,True
34,9,37,13.7,4.3,0,True
34,10,39,14.9,4.48,3,True
34,11,0,0.0,,0,False
34,12,0,0.0,,0,False
35,1,22,6.5,4.34,1,True
35,2,17,5.6,4.68,2,True
35,3,20,7.3,4.67,2,True
35,4,18,5.5,4.58,1,True
35,5,23,7.0,4.58,0,True
35,6,19,6.3,4.66,0,True
35,7,17,5.9,4.56,0,True
35,8,21,6.4,4.57,2,True
35,9,21,7.0,4.62,0,True
35,10,29,10.8,4.4,0,True
35,11,15,5.5,4.62,0,True
35,12,20,7.1,4.7,3,True
36,1,36,10.7,5.0,0,True
36,2,40,12.7,4.48,0,True
36,3,41,13.9,4.68,1,True
36,4,45,16.9,4.91,0,True
36,5,37,11.9,4.53,0,True
36,6,35,12.1,4.34,0,True
36,7,35,10.3,4.44,0,True
36,8,42,15.1,4.54,0,True
36,9,34,12.4,4.34,0,True
36,10,49,16.2,4.27,1,True
36,11,38,13.5,4.7,1,True
36,12,42,15.0,4.82,0,True
37,1,28,10.2,4.34,3,True
37,2,37,11.1,4.62,0,True
37,3,32,11.9,4.65,0,True
37,4,33,10.1,4.11,1,True
37,5,42,15.0,4.5,0,True
37,6,26,7.7,4.85,1,True
37,7,38,13.4,4.49,0,True
37,8,30,9.5,4.45,1,True
37,9,34,10.8,4.43,0,True
37,10,32,10.9,4.79,0,True
37,11,32,10.5,4.4,1,True
37,12,37,13.0,4.67,2,True
38,1,27,10.1,4.54,1,True
38,2,32,10.4,5.0,2,True
38,3,26,9.1,4.69,0,True
38,4,35,10.5,4.57,0,True
38,5,28,9.3,4.65,0,True
38,6,24,8.4,4.36,3,True
38,7,0,0.0,,0,False
38,8,0,0.0,,0,False
38,9,0,0.0,,0,False
38,10,0,0.0,,0,False
38,11,0,0.0,,0,False
38,12,0,0.0,,0,False
39,1,31,10.3,4.75,3,True
39,2,32,10.6,4.56,1,True
39,3,33,11.3,4.46,0,True
39,4,36,12.8,4.7,1,True
39,5,36,12.1,4.75,0,True
39,6,37,12.5,4.44,1,True
39,7,33,10.6,4.05,0,True
39,8,33,11.1,4.3,2,True
39,9,31,10.0,4.82,2,True
39,10,30,10.0,4.49,1,True
39,11,30,10.0,4.74,1,True
39,12,35,11.6,4.74,1,True
40,1,21,6.5,4.0,2,True
40,2,24,8.1,4.74,1,True
40,3,26,8.5,4.42,1,True
40,4,0,0.0,,0,False
40,5,0,0.0,,0,False
40,6,0,0.0,,0,False
40,7,0,0.0,,0,False
40,8,0,0.0,,0,False
40,9,0,0.0,,0,False
40,10,0,0.0,,0,False
40,11,0,0.0,,0,False
40,12,0,0.0,,0,False
41,1,38,13.8,4.58,0,True
41,2,36,10.9,4.85,0,True
41,3,36,10.6,4.45,2,True
41,4,36,10.9,4.55,2,True
41,5,37,11.7,4.57,1,True
41,6,38,13.2,4.43,0,True
41,7,41,15.4,4.71,1,True
41,8,32,9.7,4.68,2,True
41,9,40,12.4,4.62,2,True
41,10,35,13.3,4.68,1,True
41,11,37,12.8,5.0,0,True
41,12,38,11.4,4.42,2,True
42,1,25,8.1,4.39,0,True
42,2,21,6.9,4.4,1,True
42,3,0,0.0,,0,False
42,4,0,0.0,,0,False
42,5,0,0.0,,0,False
42,6,0,0.0,,0,False
42,7,0,0.0,,0,False
42,8,0,0.0,,0,False
42,9,0,0.0,,0,False
42,10,0,0.0,,0,False
42,11,0,0.0,,0,False
42,12,0,0.0,,0,False
43,1,34,13.0,4.6,1,True
43,2,29,9.6,4.74,0,True
43,3,29,9.4,4.9,2,True
43,4,31,10.0,4.3,0,True
43,5,33,10.3,4.43,1,True
43,6,30,10.1,4.91,0,True
43,7,36,12.0,4.76,0,True
43,8,31,11.1,4.34,3,True
43,9,33,12.4,4.53,0,True
43,10,29,8.6,4.85,1,True
43,11,34,10.9,4.88,1,True
43,12,33,12.1,4.4,0,True
44,1,27,9.9,4.33,0,True
44,2,29,8.7,4.79,1,True
44,3,32,9.8,4.8,0,True
44,4,33,10.8,4.43,1,True
44,5,22,7.5,4.92,1,True
44,6,25,7.8,4.55,0,True
44,7,25,7.5,4.6,1,True
44,8,29,9.1,4.68,0,True
44,9,29,11.1,4.59,1,True
44,10,24,8.6,4.42,0,True
44,11,28,10.0,4.49,0,True
44,12,29,10.0,5.0,2,True
45,1,24,9.1,4.48,2,True
45,2,27,9.0,4.46,0,True
45,3,19,6.1,4.73,1,True
45,4,22,8.3,4.41,0,True
45,5,28,8.3,4.69,0,True
45,6,29,8.5,4.84,1,True
45,7,35,11.7,4.45,1,True
45,8,25,8.4,4.57,1,True
45,9,34,10.6,4.43,0,True
45,10,32,9.8,4.19,0,True
45,11,37,12.4,4.37,2,True
45,12,29,9.8,4.59,0,True
46,1,39,12.2,4.92,1,True
46,2,28,10.4,4.57,0,True
46,3,33,11.8,4.91,0,True
46,4,39,12.2,4.79,2,True
46,5,38,13.3,4.55,1,True
46,6,41,12.5,4.65,0,True
46,7,40,11.8,4.25,0,True
46,8,34,12.1,4.34,0,True
46,9,43,16.5,4.95,0,True
46,10,40,12.6,4.7,2,True
46,11,39,14.3,4.7,1,True
46,12,45,15.8,4.6,0,True
47,1,29,10.5,4.41,0,True
47,2,29,9.2,4.66,3,True
47,3,33,10.6,4.61,0,True
47,4,28,10.1,4.52,1,True
47,5,28,9.6,4.26,3,True
47,6,35,12.6,4.8,2,True
47,7,28,9.8,4.53,0,True
47,8,29,9.6,4.84,3,True
47,9,34,11.9,4.68,0,True
47,10,35,12.2,4.54,1,True
47,11,35,12.8,5.0,0,True
47,12,33,12.5,4.68,2,True
48,1,27,8.2,4.74,0,True
48,2,32,9.7,4.63,0,True
48,3,31,9.8,4.69,1,True
48,4,35,10.8,4.29,1,True
48,5,31,11.8,4.54,1,True
48,6,34,12.8,4.71,3,True
48,7,35,10.7,4.69,1,True
48,8,36,12.3,4.8,0,True
48,9,32,9.9,4.73,0,True
48,10,32,11.3,4.99,0,True
48,11,36,11.7,4.51,1,True
48,12,36,12.0,4.59,0,True
49,1,31,10.0,4.92,0,True
49,2,30,9.7,4.49,0,True
49,3,36,12.9,4.35,2,True
49,4,30,10.8,5.0,1,True
49,5,31,10.5,4.16,1,True
49,6,36,12.5,3.81,2,True
49,7,0,0.0,,0,False
49,8,0,0.0,,0,False
49,9,0,0.0,,0,False
49,10,0,0.0,,0,False
49,11,0,0.0,,0,False
49,12,0,0.0,,0,False
50,1,31,9.3,4.6,2,True
50,2,33,10.6,4.36,0,True
50,3,31,10.6,4.58,0,True
50,4,31,10.5,4.19,0,True
50,5,30,8.8,4.82,3,True
50,6,32,10.2,4.74,0,True
50,7,37,13.0,4.8,0,True
50,8,38,11.9,4.44,0,True
50,9,30,9.2,4.22,0,True
50,10,37,12.1,4.67,1,True
50,11,35,13.4,4.87,1,True
50,12,26,9.2,4.78,1,True
51,1,25,8.5,4.71,2,True
51,2,33,11.5,4.51,0,True
51,3,18,6.6,4.59,0,True
51,4,32,11.0,4.34,0,True
51,5,27,8.4,5.0,2,True
51,6,31,10.4,4.59,0,True
51,7,27,8.2,4.55,2,True
51,8,22,7.4,4.66,0,True
51,9,34,11.1,4.64,1,True
51,10,28,9.7,4.68,1,True
51,11,24,7.3,4.23,1,True
51,12,0,0.0,,0,False
52,1,48,17.0,4.76,0,True
52,2,39,14.0,4.58,2,True
52,3,43,13.0,4.21,2,True
52,4,36,13.4,4.78,0,True
52,5,39,12.0,4.81,1,True
52,6,43,15.2,4.6,1,True
52,7,49,15.4,4.46,2,True
52,8,42,15.4,4.01,2,True
52,9,40,13.0,4.97,1,True
52,10,40,12.8,4.92,0,True
52,11,35,10.3,4.4,0,True
52,12,35,12.1,4.9,0,True
53,1,18,6.4,4.32,0,True
53,2,25,9.5,4.42,1,True
53,3,29,9.5,4.54,1,True
53,4,20,6.0,4.2,0,True
53,5,26,9.1,4.62,0,True
53,6,33,12.7,4.3,1,True
53,7,23,8.4,4.83,0,True
53,8,22,7.0,4.67,0,True
53,9,28,8.7,4.66,1,True
53,10,28,10.1,4.32,0,True
53,11,26,8.7,4.91,0,True
53,12,19,5.8,4.61,1,True
54,1,40,13.0,4.47,0,True
54,2,39,12.9,4.33,0,True
54,3,31,9.4,4.67,0,True
54,4,40,13.7,4.27,1,True
54,5,42,12.4,4.86,0,True
54,6,49,15.1,4.5,1,True
54,7,47,17.2,4.69,0,True
54,8,42,14.0,5.0,0,True
54,9,45,15.9,4.88,1,True
54,10,0,0.0,,0,False
54,11,0,0.0,,0,False
54,12,0,0.0,,0,False
55,1,41,13.7,4.62,0,True
55,2,34,11.1,4.76,0,True
55,3,35,10.8,4.5,1,True
55,4,37,12.9,4.85,2,True
55,5,43,13.1,4.42,0,True
55,6,38,11.7,4.24,0,True
55,7,47,14.4,4.81,2,True
55,8,47,15.3,4.51,0,True
55,9,42,14.8,4.53,1,True
55,10,40,14.4,4.71,1,True
55,11,41,13.7,5.0,0,True
55,12,42,12.8,4.3,1,True
56,1,24,7.3,4.49,1,True
56,2,28,10.5,4.89,0,True
56,3,25,8.7,4.23,1,True
56,4,0,0.0,,0,False
56,5,0,0.0,,0,False
56,6,0,0.0,,0,False
56,7,0,0.0,,0,False
56,8,0,0.0,,0,False
56,9,0,0.0,,0,False
56,10,0,0.0,,0,False
56,11,0,0.0,,0,False
56,12,0,0.0,,0,False
57,1,38,14.1,4.39,2,True
57,2,45,14.2,4.6,1,True
57,3,46,16.7,4.61,1,True
57,4,42,16.1,4.34,0,True
57,5,41,13.6,4.69,1,True
57,6,46,14.6,4.59,1,True
57,7,42,13.8,4.62,0,True
57,8,39,14.3,4.62,0,True
57,9,47,17.7,4.42,0,True
57,10,0,0.0,,0,False
57,11,0,0.0,,0,False
57,12,0,0.0,,0,False
58,1,36,12.3,4.26,0,True
58,2,34,12.6,5.0,1,True
58,3,41,13.9,4.57,0,True
58,4,38,11.7,4.53,0,True
58,5,38,12.3,4.8,0,True
58,6,44,16.2,4.42,0,True
58,7,38,12.2,4.58,0,True
58,8,45,15.1,4.67,0,True
58,9,43,13.0,4.26,0,True
58,10,45,14.4,4.45,0,True
58,11,33,12.5,4.87,2,True
58,12,43,13.2,5.0,0,True
59,1,40,12.6,4.38,2,True
59,2,0,0.0,,0,False
59,3,0,0.0,,0,False
59,4,0,0.0,,0,False
59,5,0,0.0,,0,False
59,6,0,0.0,,0,False
59,7,0,0.0,,0,False
59,8,0,0.0,,0,False
59,9,0,0.0,,0,False
59,10,0,0.0,,0,False
59,11,0,0.0,,0,False
59,12,0,0.0,,0,False
60,1,30,10.9,5.0,1,True
60,2,24,8.4,4.85,2,True
60,3,27,9.7,4.55,0,True
60,4,24,7.5,4.43,0,True
60,5,41,14.9,4.66,0,True
60,6,33,10.6,4.34,0,True
60,7,31,10.6,4.95,0,True
60,8,26,9.9,4.55,0,True
60,9,27,9.2,4.19,2,True
60,10,25,7.8,4.79,2,True
60,11,27,8.2,4.82,0,True
60,12,23,7.2,4.7,0,True
61,1,29,9.3,4.69,3,True
61,2,27,8.7,4.38,0,True
61,3,28,8.3,4.43,2,True
61,4,40,13.0,4.68,1,True
61,5,38,11.6,4.8,2,True
61,6,34,12.7,4.83,1,True
61,7,35,10.3,4.1,0,True
61,8,38,13.3,4.45,0,True
61,9,29,10.0,4.48,1,True
61,10,37,13.3,4.83,0,True
61,11,32,11.6,4.83,1,True
61,12,36,12.5,4.63,1,True
62,1,31,9.9,4.41,3,True
62,2,29,9.9,4.94,0,True
62,3,25,7.5,4.56,0,True
62,4,32,10.0,4.12,0,True
62,5,24,7.9,4.39,0,True
62,6,36,13.1,4.73,1,True
62,7,30,11.3,4.88,0,True
62,8,32,12.1,4.88,1,True
62,9,22,7.1,4.43,1,True
62,10,29,10.5,4.67,2,True
62,11,32,11.1,4.59,2,True
62,12,36,12.6,4.67,0,True
63,1,38,13.6,5.0,0,True
63,2,32,11.7,4.62,0,True
63,3,31,10.6,4.85,1,True
63,4,33,11.5,4.89,1,True
63,5,35,11.5,4.24,0,True
63,6,35,12.4,4.76,0,True
63,7,41,12.6,4.16,1,True
63,8,35,10.9,4.66,1,True
63,9,35,11.5,4.79,1,True
63,10,44,14.2,4.75,1,True
63,11,42,15.3,4.56,1,True
63,12,37,13.6,4.85,0,True
64,1,39,11.7,4.85,1,True
64,2,37,13.6,4.72,1,True
64,3,37,10.9,4.42,2,True
64,4,37,11.7,5.0,2,True
64,5,46,15.6,4.82,1,True
64,6,43,12.9,4.72,1,True
64,7,49,14.8,4.48,1,True
64,8,42,14.3,4.76,0,True
64,9,48,15.4,4.6,0,True
64,10,49,15.9,4.42,0,True
64,11,45,14.6,4.55,1,True
64,12,44,15.5,4.78,0,True
65,1,23,8.5,4.41,0,True
65,2,29,9.5,4.64,2,True
65,3,36,11.7,4.45,0,True
65,4,31,10.5,4.8,0,True
65,5,37,11.1,4.81,0,True
65,6,38,14.5,4.54,0,True
65,7,40,14.3,4.64,2,True
65,8,40,13.2,4.63,1,True
65,9,38,13.1,5.0,0,True
65,10,34,11.6,4.56,0,True
65,11,37,11.2,4.66,0,True
65,12,33,10.3,4.7,0,True
66,1,20,7.6,4.73,0,True
66,2,25,8.3,4.82,2,True
66,3,25,8.2,4.48,1,True
66,4,27,7.9,4.34,0,True
66,5,26,9.8,4.55,3,True
66,6,31,11.0,4.55,2,True
66,7,35,11.2,4.69,0,True
66,8,30,9.3,4.66,1,True
66,9,28,8.3,4.79,0,True
66,10,30,9.4,4.72,1,True
66,11,25,9.5,4.91,3,True
66,12,37,12.0,4.98,3,True
67,1,38,14.4,4.75,1,True
67,2,41,12.1,4.1,1,True
67,3,35,10.8,4.24,1,True
67,4,34,12.6,4.52,1,True
67,5,39,13.4,4.67,2,True
67,6,38,12.0,4.46,0,True
67,7,41,15.4,4.47,1,True
67,8,45,16.3,5.0,0,True
67,9,39,12.3,4.98,0,True
67,10,39,13.9,4.51,2,True
67,11,43,14.1,4.45,1,True
67,12,44,15.2,4.35,0,True
68,1,36,10.9,4.4,0,True
68,2,36,10.6,4.22,0,True
68,3,33,10.1,4.72,1,True
68,4,46,17.5,4.65,2,True
68,5,27,10.0,4.94,1,True
68,6,37,13.5,4.15,1,True
68,7,37,13.0,4.73,2,True
68,8,35,12.8,4.68,0,True
68,9,0,0.0,,0,False
68,10,0,0.0,,0,False
68,11,0,0.0,,0,False
68,12,0,0.0,,0,False
69,1,30,10.0,4.39,0,True
69,2,22,6.7,4.74,0,True
69,3,32,11.8,4.48,1,True
69,4,38,13.4,4.59,1,True
69,5,34,12.1,4.93,3,True
69,6,33,10.3,4.73,1,True
69,7,37,11.2,4.49,1,True
69,8,41,13.5,4.41,0,True
69,9,29,9.2,4.88,0,True
69,10,30,10.7,4.46,1,True
69,11,36,12.1,4.79,0,True
69,12,33,10.9,4.69,1,True
70,1,33,11.0,4.73,1,True
70,2,32,10.3,4.65,0,True
70,3,33,9.7,4.83,0,True
70,4,29,10.6,4.53,1,True
70,5,37,11.8,4.96,0,True
70,6,38,12.7,4.76,3,True
70,7,38,11.7,4.9,1,True
70,8,32,11.7,4.45,1,True
70,9,36,11.0,4.64,1,True
70,10,30,11.3,4.47,5,True
70,11,37,11.2,4.69,0,True
70,12,33,11.4,5.0,0,True
71,1,33,10.0,4.55,0,True
71,2,30,10.1,4.61,2,True
71,3,29,10.8,4.54,1,True
71,4,33,11.9,4.65,0,True
71,5,30,9.2,4.61,1,True
71,6,28,9.8,5.0,1,True
71,7,28,8.4,4.75,0,True
71,8,26,8.6,4.59,0,True
71,9,25,9.1,4.66,1,True
71,10,31,10.4,4.91,0,True
71,11,25,9.3,5.0,2,True
71,12,30,9.6,4.63,1,True
72,1,29,9.9,4.25,1,True
72,2,29,10.9,4.58,0,True
72,3,27,8.4,4.55,0,True
72,4,25,9.5,4.46,1,True
72,5,30,10.7,4.58,1,True
72,6,24,7.5,4.65,0,True
72,7,28,10.2,4.52,0,True
72,8,26,9.7,4.65,1,True
72,9,28,8.4,3.85,2,True
72,10,26,9.7,4.78,0,True
72,11,22,7.0,4.86,0,True
72,12,24,7.7,4.17,1,True
73,1,21,7.1,4.62,0,True
73,2,18,5.7,5.0,0,True
73,3,24,7.9,4.52,1,True
73,4,33,11.7,4.26,2,True
73,5,26,9.9,4.56,1,True
73,6,36,12.0,4.76,0,True
73,7,30,10.6,4.47,1,True
73,8,31,10.1,5.0,0,True
73,9,33,12.0,4.36,0,True
73,10,34,12.5,4.62,0,True
73,11,28,9.5,4.24,1,True
73,12,27,9.4,4.26,0,True
74,1,28,9.2,4.65,0,True
74,2,19,7.0,4.85,3,True
74,3,19,6.5,5.0,3,True
74,4,19,5.7,4.55,0,True
74,5,23,7.0,4.27,1,True
74,6,28,10.1,4.84,0,True
74,7,16,5.8,4.72,1,True
74,8,21,7.2,4.82,2,True
74,9,0,0.0,,0,False
74,10,0,0.0,,0,False
74,11,0,0.0,,0,False
74,12,0,0.0,,0,False
75,1,24,7.2,4.96,3,True
75,2,30,9.6,4.43,1,True
75,3,30,11.0,4.4,0,True
75,4,37,12.8,4.18,0,True
75,5,35,12.9,4.44,1,True
75,6,33,10.7,3.93,0,True
75,7,36,11.7,4.52,2,True
75,8,32,9.5,4.61,1,True
75,9,34,11.8,4.5,4,True
75,10,31,9.2,4.27,1,True
75,11,30,9.3,4.81,0,True
75,12,28,8.3,4.63,1,True
76,1,29,10.7,4.19,0,True
76,2,33,10.8,4.44,2,True
76,3,29,8.8,4.43,1,True
76,4,28,8.7,4.79,1,True
76,5,33,12.0,4.57,1,True
76,6,36,11.2,4.54,0,True
76,7,26,9.5,4.88,0,True
76,8,34,10.7,4.91,0,True
76,9,36,13.8,4.53,0,True
76,10,28,10.3,4.83,0,True
76,11,26,9.0,4.46,2,True
76,12,26,8.9,4.88,0,True
77,1,29,10.8,4.73,1,True
77,2,30,9.1,4.84,2,True
77,3,24,8.8,4.28,1,True
77,4,25,8.8,4.97,0,True
77,5,24,8.1,4.29,1,True
77,6,33,10.4,4.54,2,True
77,7,35,10.6,4.51,2,True
77,8,28,9.5,5.0,0,True
77,9,26,7.9,4.84,2,True
77,10,29,8.5,4.57,2,True
77,11,28,9.5,4.15,0,True
77,12,29,10.1,4.91,2,True
78,1,14,4.6,4.9,1,True
78,2,17,6.3,4.4,2,True
78,3,19,6.4,4.89,0,True
78,4,23,8.8,4.61,0,True
78,5,24,7.6,4.36,0,True
78,6,27,8.8,4.63,2,True
78,7,21,7.5,4.5,0,True
78,8,16,5.7,5.0,0,True
78,9,18,6.6,4.58,1,True
78,10,27,9.1,4.89,0,True
78,11,23,7.3,4.36,1,True
78,12,23,7.6,4.54,1,True
79,1,26,8.1,4.35,3,True
79,2,30,10.7,4.59,2,True
79,3,28,9.5,4.32,1,True
79,4,22,8.2,4.65,0,True
79,5,27,9.9,4.83,0,True
79,6,32,11.9,4.64,1,True
79,7,34,10.0,4.6,0,True
79,8,31,11.0,4.52,0,True
79,9,26,10.0,4.67,1,True
79,10,32,10.2,4.79,2,True
79,11,37,11.7,4.78,0,True
79,12,25,9.0,4.38,1,True
80,1,35,10.5,4.43,2,True
80,2,36,12.4,4.41,2,True
80,3,36,13.3,4.11,0,True
80,4,38,12.7,4.91,1,True
80,5,41,13.9,4.46,0,True
80,6,43,16.4,4.43,2,True
80,7,40,13.9,4.7,2,True
80,8,46,13.9,4.87,1,True
80,9,36,11.3,4.52,0,True
80,10,39,14.5,4.31,1,True
80,11,39,14.3,4.77,1,True
80,12,44,13.5,3.89,2,True
81,1,26,8.9,4.62,0,True
81,2,25,8.9,4.6,2,True
81,3,28,10.5,4.35,0,True
81,4,24,8.4,4.97,0,True
81,5,29,10.8,4.16,1,True
81,6,29,11.1,4.7,2,True
81,7,30,9.1,4.7,0,True
81,8,36,10.8,4.47,0,True
81,9,29,9.7,4.82,0,True
81,10,33,11.1,4.26,1,True
81,11,30,10.4,4.33,0,True
81,12,38,14.3,4.62,1,True
82,1,31,9.5,4.95,1,True
82,2,34,10.6,4.47,1,True
82,3,30,10.0,4.62,2,True
82,4,34,10.5,4.54,0,True
82,5,30,10.0,4.4,1,True
82,6,35,11.2,4.39,1,True
82,7,31,11.9,4.87,2,True
82,8,32,9.5,4.53,0,True
82,9,32,9.4,4.56,3,True
82,10,31,10.6,4.74,2,True
82,11,31,11.4,4.17,0,True
82,12,37,13.8,4.54,1,True
83,1,21,7.3,4.53,0,True
83,2,26,8.3,5.0,0,True
83,3,19,6.3,4.48,0,True
83,4,28,10.6,4.5,0,True
83,5,21,6.2,4.49,0,True
83,6,26,8.4,4.88,0,True
83,7,29,10.7,4.88,0,True
83,8,21,7.3,4.57,1,True
83,9,30,9.4,4.85,1,True
83,10,33,10.5,4.97,2,True
83,11,26,8.5,4.6,1,True
83,12,25,9.1,4.58,1,True
84,1,44,13.8,4.82,1,True
84,2,37,12.1,5.0,0,True
84,3,33,10.9,5.0,0,True
84,4,34,10.7,4.41,3,True
84,5,34,11.4,4.51,1,True
84,6,33,12.0,4.79,0,True
84,7,35,11.6,4.47,1,True
84,8,32,11.4,4.48,1,True
84,9,40,12.4,4.87,2,True
84,10,36,11.6,4.33,0,True
84,11,36,13.3,4.63,2,True
84,12,41,14.1,4.89,3,True
85,1,30,10.1,4.32,0,True
85,2,30,11.3,4.95,0,True
85,3,26,7.7,4.59,0,True
85,4,28,8.3,3.83,0,True
85,5,36,12.9,4.28,1,True
85,6,35,13.0,4.72,1,True
85,7,29,8.7,4.72,0,True
85,8,32,9.5,4.87,0,True
85,9,29,10.2,4.3,0,True
85,10,28,10.4,4.63,1,True
85,11,28,10.2,4.64,0,True
85,12,29,8.9,4.34,1,True
86,1,31,11.2,4.62,1,True
86,2,28,10.4,4.42,3,True
86,3,32,10.0,4.76,0,True
86,4,39,12.7,4.39,2,True
86,5,36,12.9,4.55,0,True
86,6,28,10.6,4.54,0,True
86,7,27,9.4,4.63,2,True
86,8,30,9.0,4.58,1,True
86,9,33,12.7,4.9,1,True
86,10,0,0.0,,0,False
86,11,0,0.0,,0,False
86,12,0,0.0,,0,False
87,1,45,15.2,5.0,0,True
87,2,42,15.5,4.52,0,True
87,3,42,15.1,5.0,0,True
87,4,48,14.9,4.96,2,True
87,5,52,16.9,4.53,2,True
87,6,56,17.0,5.0,0,True
87,7,48,16.2,4.7,2,True
87,8,50,16.5,4.53,1,True
87,9,51,17.7,4.62,0,True
87,10,49,17.1,4.55,0,True
87,11,46,17.3,4.52,0,True
87,12,50,16.0,4.5,0,True
88,1,43,13.3,4.4,0,True
88,2,42,13.3,4.79,0,True
88,3,0,0.0,,0,False
88,4,0,0.0,,0,False
88,5,0,0.0,,0,False
88,6,0,0.0,,0,False
88,7,0,0.0,,0,False
88,8,0,0.0,,0,False
88,9,0,0.0,,0,False
88,10,0,0.0,,0,False
88,11,0,0.0,,0,False
88,12,0,0.0,,0,False
89,1,33,11.3,4.53,0,True
89,2,34,11.3,4.5,1,True
89,3,25,7.9,4.28,0,True
89,4,21,7.6,4.49,0,True
89,5,31,11.8,4.85,0,True
89,6,0,0.0,,0,False
89,7,0,0.0,,0,False
89,8,0,0.0,,0,False
89,9,0,0.0,,0,False
89,10,0,0.0,,0,False
89,11,0,0.0,,0,False
89,12,0,0.0,,0,False
90,1,29,10.4,4.83,0,True
90,2,25,8.6,4.61,1,True
90,3,26,8.2,4.71,2,True
90,4,28,9.1,4.51,1,True
90,5,32,12.1,4.37,2,True
90,6,34,11.2,4.58,1,True
90,7,33,9.9,4.18,2,True
90,8,28,8.7,4.56,1,True
90,9,35,13.1,4.55,0,True
90,10,34,10.5,4.74,1,True
90,11,33,10.1,4.57,2,True
90,12,35,11.2,4.19,2,True
91,1,25,9.4,4.47,0,True
91,2,28,9.9,4.51,1,True
91,3,40,11.8,4.26,0,True
91,4,31,10.6,4.49,1,True
91,5,0,0.0,,0,False
91,6,0,0.0,,0,False
91,7,0,0.0,,0,False
91,8,0,0.0,,0,False
91,9,0,0.0,,0,False
91,10,0,0.0,,0,False
91,11,0,0.0,,0,False
91,12,0,0.0,,0,False
92,1,34,12.1,4.75,0,True
92,2,39,12.5,4.65,2,True
92,3,34,11.2,4.68,1,True
92,4,33,11.5,5.0,0,True
92,5,35,12.8,4.99,1,True
92,6,40,14.7,4.55,1,True
92,7,41,12.6,4.45,0,True
92,8,38,11.4,4.33,0,True
92,9,38,11.7,4.46,0,True
92,10,43,14.6,4.78,0,True
92,11,38,14.3,4.92,1,True
92,12,39,14.0,4.64,0,True
93,1,24,7.3,4.51,0,True
93,2,32,11.4,4.74,1,True
93,3,25,8.2,4.37,0,True
93,4,33,12.3,4.43,2,True
93,5,36,13.4,4.87,0,True
93,6,21,6.6,4.72,1,True
93,7,28,8.6,4.48,1,True
93,8,28,10.5,4.42,0,True
93,9,30,9.2,4.88,0,True
93,10,31,10.0,4.75,0,True
93,11,31,10.1,4.23,1,True
93,12,37,11.8,4.41,1,True
94,1,32,12.3,4.21,0,True
94,2,33,12.0,4.86,0,True
94,3,27,8.9,4.39,0,True
94,4,27,9.0,4.62,1,True
94,5,27,10.3,4.49,0,True
94,6,25,7.5,4.39,0,True
94,7,28,10.7,4.6,1,True
94,8,27,8.5,4.32,2,True
94,9,30,11.3,4.34,1,True
94,10,27,9.3,4.56,0,True
94,11,24,8.8,4.34,0,True
94,12,27,9.3,4.74,0,True
95,1,37,14.0,4.76,2,True
95,2,39,11.6,4.64,2,True
95,3,37,14.0,4.91,0,True
95,4,36,12.7,4.94,2,True
95,5,35,10.6,4.42,0,True
95,6,33,11.6,4.58,0,True
95,7,36,10.6,4.56,1,True
95,8,38,11.2,4.57,0,True
95,9,33,11.8,3.99,0,True
95,10,35,12.1,4.65,2,True
95,11,37,11.4,4.45,2,True
95,12,36,11.7,4.16,2,True
96,1,25,7.8,4.56,0,True
96,2,30,9.4,4.72,0,True
96,3,33,11.6,4.94,2,True
96,4,33,12.2,4.41,0,True
96,5,31,11.7,4.32,1,True
96,6,39,14.5,4.6,2,True
96,7,35,10.5,4.97,2,True
96,8,35,12.3,4.4,1,True
96,9,34,12.3,4.64,2,True
96,10,34,10.0,4.76,1,True
96,11,34,11.7,4.57,2,True
96,12,37,12.4,4.55,0,True
97,1,42,12.4,4.14,1,True
97,2,43,13.2,4.15,1,True
97,3,42,14.4,4.42,0,True
97,4,40,12.3,4.84,1,True
97,5,46,14.8,4.8,1,True
97,6,33,10.5,4.71,1,True
97,7,41,15.6,4.75,2,True
97,8,48,18.1,4.71,1,True
97,9,42,13.6,4.5,1,True
97,10,48,14.7,4.54,1,True
97,11,45,15.0,4.77,3,True
97,12,44,15.5,4.45,1,True
98,1,25,8.5,4.67,0,True
98,2,21,6.9,4.46,1,True
98,3,30,11.5,4.94,0,True
98,4,0,0.0,,0,False
98,5,0,0.0,,0,False
98,6,0,0.0,,0,False
98,7,0,0.0,,0,False
98,8,0,0.0,,0,False
98,9,0,0.0,,0,False
98,10,0,0.0,,0,False
98,11,0,0.0,,0,False
98,12,0,0.0,,0,False
99,1,43,16.3,4.15,0,True
99,2,42,14.3,4.3,1,True
99,3,40,14.1,4.59,0,True
99,4,36,11.4,4.83,1,True
99,5,40,14.6,4.79,2,True
99,6,39,13.8,4.89,1,True
99,7,44,14.0,4.54,0,True
99,8,39,14.4,4.68,1,True
99,9,34,11.2,4.52,1,True
99,10,38,13.3,4.59,1,True
99,11,40,12.3,4.81,2,True
99,12,32,11.1,4.56,2,True
100,1,32,12.0,4.46,0,True
100,2,32,11.3,4.4,1,True
100,3,30,10.0,4.57,1,True
100,4,33,10.3,4.86,0,True
100,5,31,11.9,4.44,1,True
100,6,39,13.9,4.13,1,True
100,7,41,12.1,4.4,0,True
100,8,35,11.1,4.8,0,True
100,9,43,13.6,4.76,2,True
100,10,39,12.5,5.0,0,True
100,11,36,12.5,4.86,3,True
100,12,43,14.3,4.25,1,True
101,1,28,8.4,5.0,1,True
101,2,31,9.9,4.57,2,True
101,3,39,13.2,4.59,1,True
101,4,28,10.2,3.98,0,True
101,5,41,14.8,4.31,0,True
101,6,46,15.3,4.09,0,True
101,7,42,14.8,4.66,1,True
101,8,40,12.2,4.72,0,True
101,9,45,13.4,4.66,0,True
101,10,41,15.0,4.86,1,True
101,11,39,12.5,4.69,1,True
101,12,42,12.8,5.0,1,True
102,1,25,7.5,4.21,1,True
102,2,22,7.0,4.38,0,True
102,3,28,9.8,4.56,1,True
102,4,22,6.6,4.63,0,True
102,5,26,8.6,4.78,3,True
102,6,35,13.5,4.85,2,True
102,7,34,12.1,4.89,0,True
102,8,39,13.4,4.74,2,True
102,9,33,11.6,4.6,1,True
102,10,35,10.7,4.74,0,True
102,11,34,10.2,4.91,2,True
102,12,32,10.0,4.54,2,True
103,1,24,7.6,4.59,1,True
103,2,25,7.5,4.55,0,True
103,3,25,7.4,4.5,1,True
103,4,23,7.7,4.62,0,True
103,5,0,0.0,,0,False
103,6,0,0.0,,0,False
103,7,0,0.0,,0,False
103,8,0,0.0,,0,False
103,9,0,0.0,,0,False
103,10,0,0.0,,0,False
103,11,0,0.0,,0,False
103,12,0,0.0,,0,False
104,1,27,9.8,4.25,0,True
104,2,32,9.8,4.5,0,True
104,3,30,10.4,4.8,0,True
104,4,0,0.0,,0,False
104,5,0,0.0,,0,False
104,6,0,0.0,,0,False
104,7,0,0.0,,0,False
104,8,0,0.0,,0,False
104,9,0,0.0,,0,False
104,10,0,0.0,,0,False
104,11,0,0.0,,0,False
104,12,0,0.0,,0,False
105,1,33,10.0,4.87,1,True
105,2,37,13.5,4.32,2,True
105,3,29,9.4,4.48,0,True
105,4,37,11.6,4.59,2,True
105,5,34,11.7,4.4,1,True
105,6,35,11.9,4.42,1,True
105,7,44,13.6,4.79,0,True
105,8,46,17.5,4.56,0,True
105,9,43,15.2,4.92,1,True
105,10,44,13.5,4.18,1,True
105,11,42,13.6,4.21,1,True
105,12,40,13.7,4.76,0,True
106,1,30,9.6,4.53,1,True
106,2,36,11.4,4.79,1,True
106,3,30,9.8,4.69,0,True
106,4,30,10.0,4.51,0,True
106,5,43,13.9,4.45,2,True
106,6,36,11.9,4.91,0,True
106,7,38,11.2,4.62,1,True
106,8,38,13.2,4.64,1,True
106,9,39,12.6,4.99,0,True
106,10,32,10.9,4.48,0,True
106,11,40,12.0,4.65,0,True
106,12,38,11.3,4.65,0,True
107,1,23,7.5,4.67,0,True
107,2,23,7.3,4.08,0,True
107,3,13,4.5,4.88,0,True
107,4,26,8.9,4.74,0,True
107,5,21,6.4,4.98,0,True
107,6,20,6.9,4.74,5,True
107,7,26,8.7,4.65,2,True
107,8,25,7.8,4.42,0,True
107,9,19,6.5,4.58,0,True
107,10,25,7.5,4.9,0,True
107,11,25,8.4,4.62,1,True
107,12,21,8.1,5.0,1,True
108,1,27,8.4,4.17,2,True
108,2,0,0.0,,0,False
108,3,0,0.0,,0,False
108,4,0,0.0,,0,False
108,5,0,0.0,,0,False
108,6,0,0.0,,0,False
108,7,0,0.0,,0,False
108,8,0,0.0,,0,False
108,9,0,0.0,,0,False
108,10,0,0.0,,0,False
108,11,0,0.0,,0,False
108,12,0,0.0,,0,False
109,1,22,7.7,4.47,0,True
109,2,21,6.3,4.32,0,True
109,3,23,7.6,4.47,2,True
109,4,27,8.3,4.43,0,True
109,5,18,5.9,4.76,2,True
109,6,28,10.3,4.86,1,True
109,7,22,7.1,4.54,0,True
109,8,24,7.3,4.42,0,True
109,9,19,6.1,4.16,1,True
109,10,20,6.7,4.31,2,True
109,11,18,6.7,4.5,1,True
109,12,22,7.2,4.29,1,True
110,1,27,8.8,4.2,0,True
110,2,20,5.9,5.0,0,True
110,3,21,7.1,5.0,1,True
110,4,18,5.6,4.28,1,True
110,5,17,5.2,4.4,1,True
110,6,24,7.6,4.92,1,True
110,7,21,6.4,4.7,1,True
110,8,27,8.2,4.45,1,True
110,9,23,8.3,4.26,1,True
110,10,25,8.0,4.62,1,True
110,11,26,9.5,4.65,0,True
110,12,26,7.9,4.64,0,True
111,1,27,10.1,4.65,1,True
111,2,35,10.6,4.64,2,True
111,3,25,8.0,4.59,0,True
111,4,31,10.7,4.31,1,True
111,5,32,11.5,4.75,0,True
111,6,27,10.3,4.78,2,True
111,7,30,11.3,4.81,1,True
111,8,32,9.7,4.99,1,True
111,9,28,10.7,4.53,1,True
111,10,28,9.9,4.68,0,True
111,11,26,9.2,4.47,2,True
111,12,28,10.3,4.71,0,True
112,1,43,12.7,4.77,0,True
112,2,38,12.0,4.74,1,True
112,3,39,12.2,5.0,0,True
112,4,41,14.6,4.89,0,True
112,5,41,14.3,4.59,1,True
112,6,39,12.6,4.67,3,True
112,7,32,11.3,4.0,0,True
112,8,43,14.7,4.39,1,True
112,9,37,11.9,4.46,1,True
112,10,38,14.5,4.63,1,True
112,11,30,9.9,4.61,1,True
112,12,41,13.7,4.55,1,True
113,1,31,11.6,4.51,1,True
113,2,32,10.6,4.43,0,True
113,3,0,0.0,,0,False
113,4,0,0.0,,0,False
113,5,0,0.0,,0,False
113,6,0,0.0,,0,False
113,7,0,0.0,,0,False
113,8,0,0.0,,0,False
113,9,0,0.0,,0,False
113,10,0,0.0,,0,False
113,11,0,0.0,,0,False
113,12,0,0.0,,0,False
114,1,20,6.8,4.89,1,True
114,2,18,5.7,4.63,0,True
114,3,17,5.6,4.77,0,True
114,4,20,6.5,4.83,1,True
114,5,21,6.3,4.66,1,True
114,6,21,6.8,5.0,1,True
114,7,19,7.3,4.68,1,True
114,8,25,8.6,4.35,0,True
114,9,23,8.0,4.79,1,True
114,10,29,10.5,4.47,1,True
114,11,23,6.8,4.46,0,True
114,12,20,6.3,4.26,1,True
115,1,26,9.5,4.6,2,True
115,2,34,12.6,4.19,2,True
115,3,28,10.0,4.65,1,True
115,4,29,11.0,4.43,1,True
115,5,31,11.5,4.5,1,True
115,6,34,11.6,4.61,0,True
115,7,24,7.6,4.61,2,True
115,8,25,9.5,4.52,0,True
115,9,22,6.9,4.6,3,True
115,10,27,9.7,4.52,0,True
115,11,28,9.9,4.76,0,True
115,12,30,11.5,4.46,0,True
116,1,33,11.3,4.81,2,True
116,2,26,8.0,5.0,0,True
116,3,30,11.0,4.52,0,True
116,4,25,8.9,4.83,0,True
116,5,36,10.6,4.49,0,True
116,6,31,9.9,4.61,1,True
116,7,37,11.2,4.35,1,True
116,8,36,11.3,5.0,1,True
116,9,31,9.4,4.91,0,True
116,10,38,12.4,4.41,1,True
116,11,35,12.4,4.61,0,True
116,12,35,13.4,4.81,4,True
117,1,40,14.0,5.0,3,True
117,2,41,12.9,4.61,3,True
117,3,37,12.2,4.46,1,True
117,4,42,13.2,4.41,1,True
117,5,47,15.3,4.66,2,True
117,6,42,14.4,4.52,0,True
117,7,49,17.8,4.57,1,True
117,8,46,15.8,4.32,1,True
117,9,49,16.8,4.65,1,True
117,10,50,15.5,4.73,0,True
117,11,53,19.4,4.28,2,True
117,12,40,15.2,4.26,1,True
118,1,27,8.4,5.0,0,True
118,2,20,7.0,4.75,0,True
118,3,22,6.8,4.8,1,True
118,4,26,8.8,4.25,0,True
118,5,29,9.9,4.48,0,True
118,6,24,7.3,4.26,0,True
118,7,27,9.4,4.91,1,True
118,8,27,9.4,5.0,0,True
118,9,30,9.2,4.93,0,True
118,10,23,6.9,4.59,0,True
118,11,26,8.2,4.8,1,True
118,12,29,9.7,4.22,2,True
119,1,29,11.1,4.05,0,True
119,2,35,11.5,4.82,0,True
119,3,32,9.6,4.43,1,True
119,4,25,8.8,4.67,0,True
119,5,26,8.4,4.49,1,True
119,6,22,6.9,4.75,1,True
119,7,28,10.2,4.64,0,True
119,8,29,8.9,5.0,3,True
119,9,29,11.1,4.95,0,True
119,10,29,11.0,4.79,2,True
119,11,0,0.0,,0,False
119,12,0,0.0,,0,False
120,1,45,14.4,4.53,2,True
120,2,0,0.0,,0,False
120,3,0,0.0,,0,False
120,4,0,0.0,,0,False
120,5,0,0.0,,0,False
120,6,0,0.0,,0,False
120,7,0,0.0,,0,False
120,8,0,0.0,,0,False
120,9,0,0.0,,0,False
120,10,0,0.0,,0,False
120,11,0,0.0,,0,False
120,12,0,0.0,,0,False
121,1,34,11.4,5.0,1,True
121,2,32,12.0,4.79,1,True
121,3,35,12.4,4.65,1,True
121,4,27,10.0,4.31,1,True
121,5,36,12.3,4.22,0,True
121,6,34,10.2,4.8,4,True
121,7,44,13.2,4.3,1,True
121,8,36,11.7,4.49,0,True
121,9,41,13.1,4.31,1,True
121,10,43,16.4,4.47,1,True
121,11,41,15.7,4.34,0,True
121,12,38,12.9,4.48,1,True
122,1,39,12.7,5.0,0,True
122,2,39,13.7,4.56,1,True
122,3,35,12.7,4.82,1,True
122,4,0,0.0,,0,False
122,5,0,0.0,,0,False
122,6,0,0.0,,0,False
122,7,0,0.0,,0,False
122,8,0,0.0,,0,False
122,9,0,0.0,,0,False
122,10,0,0.0,,0,False
122,11,0,0.0,,0,False
122,12,0,0.0,,0,False
123,1,38,12.7,4.24,0,True
123,2,31,10.2,4.1,3,True
123,3,32,9.5,4.56,1,True
123,4,27,8.5,4.75,1,True
123,5,33,10.6,4.48,0,True
123,6,34,12.2,4.35,0,True
123,7,34,11.5,4.94,0,True
123,8,22,7.3,4.88,1,True
123,9,23,8.3,4.5,0,True
123,10,34,11.1,4.82,0,True
123,11,23,8.1,4.55,1,True
123,12,30,8.8,5.0,1,True
124,1,33,12.3,4.68,4,True
124,2,33,11.1,4.45,1,True
124,3,33,10.8,4.92,0,True
124,4,28,8.3,4.78,0,True
124,5,37,11.9,4.82,0,True
124,6,37,12.7,4.63,0,True
124,7,28,8.3,5.0,1,True
124,8,0,0.0,,0,False
124,9,0,0.0,,0,False
124,10,0,0.0,,0,False
124,11,0,0.0,,0,False
124,12,0,0.0,,0,False
125,1,28,9.8,4.34,0,True
125,2,39,12.1,4.5,0,True
125,3,32,10.4,4.65,0,True
125,4,38,12.1,4.73,1,True
125,5,34,11.7,4.96,1,True
125,6,29,10.4,4.35,3,True
125,7,35,12.0,4.81,1,True
125,8,30,11.0,4.36,1,True
125,9,41,15.5,4.57,2,True
125,10,38,14.4,4.83,3,True
125,11,25,9.3,4.86,1,True
125,12,32,9.7,4.43,0,True
126,1,25,9.3,4.5,1,True
126,2,20,7.2,4.3,0,True
126,3,19,5.7,4.26,1,True
126,4,25,8.2,4.71,2,True
126,5,27,8.5,4.64,0,True
126,6,29,9.6,4.52,0,True
126,7,21,6.8,4.7,0,True
126,8,27,8.3,4.44,1,True
126,9,24,9.2,4.75,0,True
126,10,23,7.9,4.76,1,True
126,11,25,8.7,4.14,1,True
126,12,0,0.0,,0,False
127,1,36,11.7,4.75,0,True
127,2,35,11.6,4.62,0,True
127,3,36,11.2,4.65,1,True
127,4,39,12.7,4.88,1,True
127,5,36,12.1,4.51,2,True
127,6,35,10.8,5.0,0,True
127,7,39,12.8,4.85,2,True
127,8,32,10.2,4.74,1,True
127,9,33,10.7,4.27,0,True
127,10,34,11.8,5.0,0,True
127,11,0,0.0,,0,False
127,12,0,0.0,,0,False
128,1,19,6.2,4.66,1,True
128,2,0,0.0,,0,False
128,3,0,0.0,,0,False
128,4,0,0.0,,0,False
128,5,0,0.0,,0,False
128,6,0,0.0,,0,False
128,7,0,0.0,,0,False
128,8,0,0.0,,0,False
128,9,0,0.0,,0,False
128,10,0,0.0,,0,False
128,11,0,0.0,,0,False
128,12,0,0.0,,0,False
129,1,30,11.4,4.36,0,True
129,2,30,11.1,4.43,2,True
129,3,27,9.1,4.64,1,True
129,4,33,12.0,4.54,2,True
129,5,30,9.9,4.63,0,True
129,6,33,11.8,4.8,1,True
129,7,29,10.6,4.13,2,True
129,8,31,9.2,5.0,0,True
129,9,34,12.2,4.37,0,True
129,10,35,12.1,4.42,1,True
129,11,27,8.0,4.22,3,True
129,12,31,9.2,4.71,0,True
130,1,30,9.8,4.18,0,True
130,2,26,7.7,4.16,1,True
130,3,27,8.8,4.6,1,True
130,4,25,8.1,4.69,0,True
130,5,31,9.3,4.57,0,True
130,6,36,10.8,4.61,0,True
130,7,36,11.8,4.62,0,True
130,8,37,12.2,4.65,2,True
130,9,41,14.7,4.25,0,True
130,10,0,0.0,,0,False
130,11,0,0.0,,0,False
130,12,0,0.0,,0,False
131,1,33,11.2,4.69,1,True
131,2,24,7.9,4.48,1,True
131,3,24,8.8,4.68,0,True
131,4,26,8.3,4.48,0,True
131,5,27,8.6,4.45,0,True
131,6,25,8.0,4.34,1,True
131,7,28,9.2,4.51,1,True
131,8,19,7.2,4.79,3,True
131,9,26,9.6,4.82,0,True
131,10,26,8.7,4.66,0,True
131,11,28,9.3,4.82,1,True
131,12,28,9.3,4.52,1,True
132,1,27,8.7,5.0,0,True
132,2,30,9.8,4.82,0,True
132,3,25,7.8,4.54,1,True
132,4,26,8.3,4.45,1,True
132,5,32,12.2,4.78,0,True
132,6,34,10.3,4.79,1,True
132,7,36,13.0,4.28,2,True
132,8,32,9.8,4.77,0,True
132,9,35,12.1,4.65,0,True
132,10,32,10.0,4.93,3,True
132,11,33,10.9,4.53,0,True
132,12,41,14.0,4.49,1,True
133,1,28,10.3,4.63,2,True
133,2,22,8.0,4.19,0,True
133,3,27,9.1,4.43,0,True
133,4,25,9.3,4.79,0,True
133,5,29,9.1,4.5,2,True
133,6,27,8.3,4.6,1,True
133,7,35,13.4,5.0,2,True
133,8,28,10.0,4.6,2,True
133,9,36,13.1,4.34,1,True
133,10,23,7.4,4.63,0,True
133,11,30,9.3,4.72,3,True
133,12,33,11.6,4.66,1,True
134,1,23,8.6,5.0,1,True
134,2,26,8.8,4.44,0,True
134,3,22,8.2,4.86,2,True
134,4,28,10.4,4.48,2,True
134,5,23,8.3,4.63,1,True
134,6,20,6.0,4.08,0,True
134,7,23,8.4,4.11,0,True
134,8,28,9.6,4.76,1,True
134,9,21,6.4,4.79,0,True
134,10,25,8.8,4.59,1,True
134,11,0,0.0,,0,False
134,12,0,0.0,,0,False
135,1,26,9.9,4.59,0,True
135,2,34,10.2,4.48,0,True
135,3,30,9.0,4.63,1,True
135,4,32,9.8,4.56,0,True
135,5,34,10.1,4.92,0,True
135,6,34,12.3,4.68,1,True
135,7,36,12.8,4.83,0,True
135,8,38,14.2,4.78,1,True
135,9,36,12.0,4.4,1,True
135,10,34,10.5,4.46,2,True
135,11,30,9.2,4.26,0,True
135,12,40,14.8,4.66,0,True
136,1,32,10.0,4.48,0,True
136,2,28,9.3,4.63,2,True
136,3,21,6.7,4.76,0,True
136,4,18,6.0,5.0,1,True
136,5,27,8.2,4.94,2,True
136,6,21,6.9,4.68,0,True
136,7,28,9.2,4.86,0,True
136,8,22,7.0,4.49,1,True
136,9,22,7.3,4.75,1,True
136,10,25,7.8,4.42,1,True
136,11,20,7.0,4.76,1,True
136,12,26,10.0,4.94,1,True
137,1,30,9.4,4.56,0,True
137,2,40,13.5,4.62,1,True
137,3,27,8.7,4.48,1,True
137,4,36,12.5,4.65,0,True
137,5,30,11.2,4.6,0,True
137,6,42,13.6,4.76,3,True
137,7,41,14.2,3.83,0,True
137,8,42,14.7,4.53,0,True
137,9,32,10.1,4.9,0,True
137,10,38,13.0,4.31,0,True
137,11,32,10.6,4.55,0,True
137,12,45,14.5,4.66,0,True
138,1,26,9.2,4.78,1,True
138,2,23,8.4,4.61,1,True
138,3,19,7.1,4.13,2,True
138,4,25,8.3,4.22,1,True
138,5,25,7.9,4.6,0,True
138,6,22,6.7,4.39,0,True
138,7,35,10.4,4.57,1,True
138,8,27,8.1,4.55,1,True
138,9,22,6.6,4.74,1,True
138,10,26,9.5,4.79,1,True
138,11,24,7.1,4.52,3,True
138,12,25,9.3,4.65,2,True
139,1,36,13.3,4.11,4,True
139,2,32,9.5,4.15,0,True
139,3,31,10.8,5.0,0,True
139,4,33,10.9,4.21,0,True
139,5,34,12.7,4.6,0,True
139,6,40,11.9,5.0,0,True
139,7,47,15.7,4.27,1,True
139,8,41,15.5,4.59,1,True
139,9,40,12.0,4.66,0,True
139,10,38,12.7,4.67,0,True
139,11,48,16.7,4.36,1,True
139,12,40,13.1,4.6,1,True
140,1,23,7.1,4.66,0,True
140,2,26,7.9,4.24,0,True
140,3,19,6.0,4.67,2,True
140,4,22,8.3,4.86,1,True
140,5,30,8.9,5.0,0,True
140,6,24,7.2,4.76,1,True
140,7,25,7.8,4.52,1,True
140,8,23,8.3,4.56,0,True
140,9,21,8.1,4.34,1,True
140,10,24,9.1,4.83,2,True
140,11,25,7.9,4.47,0,True
140,12,29,9.6,4.62,0,True
141,1,28,10.0,4.35,0,True
141,2,26,9.2,4.62,0,True
141,3,21,6.5,4.82,0,True
141,4,30,9.3,4.42,1,True
141,5,26,7.9,4.7,0,True
141,6,31,9.2,4.53,0,True
141,7,29,9.7,4.75,1,True
141,8,21,6.8,4.42,0,True
141,9,31,10.4,4.73,3,True
141,10,0,0.0,,0,False
141,11,0,0.0,,0,False
141,12,0,0.0,,0,False
142,1,24,8.7,4.57,1,True
142,2,30,9.4,4.39,0,True
142,3,28,8.8,4.73,2,True
142,4,23,7.6,4.41,1,True
142,5,29,10.7,4.69,1,True
142,6,0,0.0,,0,False
142,7,0,0.0,,0,False
142,8,0,0.0,,0,False
142,9,0,0.0,,0,False
142,10,0,0.0,,0,False
142,11,0,0.0,,0,False
142,12,0,0.0,,0,False
143,1,43,13.1,4.7,2,True
143,2,38,13.7,4.16,0,True
143,3,31,11.3,4.28,1,True
143,4,40,15.3,4.87,3,True
143,5,41,12.1,4.67,1,True
143,6,42,13.8,5.0,1,True
143,7,42,13.1,4.81,1,True
143,8,42,13.3,4.86,1,True
143,9,40,14.4,4.45,0,True
143,10,50,17.9,4.58,0,True
143,11,39,12.1,4.35,0,True
143,12,46,14.6,4.81,0,True
144,1,32,11.2,4.55,1,True
144,2,29,8.7,4.79,1,True
144,3,36,12.3,4.57,2,True
144,4,26,9.4,4.36,1,True
144,5,34,12.6,4.59,0,True
144,6,41,15.4,4.55,1,True
144,7,37,13.2,4.87,1,True
144,8,42,13.6,4.58,1,True
144,9,37,10.9,4.1,2,True
144,10,39,11.5,4.31,1,True
144,11,45,17.1,4.54,1,True
144,12,34,11.7,4.56,1,True
145,1,29,8.6,4.72,0,True
145,2,29,8.8,4.59,0,True
145,3,29,10.4,4.19,2,True
145,4,32,10.9,4.4,2,True
145,5,27,9.6,4.57,0,True
145,6,21,6.8,4.58,1,True
145,7,28,8.5,4.85,2,True
145,8,32,11.7,4.25,2,True
145,9,28,8.7,4.71,1,True
145,10,27,9.9,4.88,1,True
145,11,26,8.1,4.54,1,True
145,12,27,8.6,4.92,1,True
146,1,32,10.1,4.74,0,True
146,2,32,10.6,4.75,1,True
146,3,32,11.5,4.91,1,True
146,4,35,10.5,4.49,1,True
146,5,30,10.3,4.88,2,True
146,6,35,12.7,4.59,0,True
146,7,37,12.9,4.3,1,True
146,8,32,9.8,4.74,1,True
146,9,31,9.6,4.7,1,True
146,10,31,10.0,4.25,0,True
146,11,29,8.9,5.0,0,True
146,12,26,9.3,4.47,0,True
147,1,11,3.4,4.86,0,True
147,2,16,4.8,4.64,0,True
147,3,19,7.0,5.0,0,True
147,4,16,4.8,4.45,1,True
147,5,15,5.0,4.26,0,True
147,6,25,8.1,4.49,0,True
147,7,0,0.0,,0,False
147,8,0,0.0,,0,False
147,9,0,0.0,,0,False
147,10,0,0.0,,0,False
147,11,0,0.0,,0,False
147,12,0,0.0,,0,False
148,1,30,9.6,4.8,3,True
148,2,28,8.7,4.69,1,True
148,3,26,9.2,4.24,1,True
148,4,30,10.5,4.68,2,True
148,5,33,10.4,4.17,1,True
148,6,37,14.1,4.32,0,True
148,7,33,11.6,4.63,2,True
148,8,40,13.6,4.14,3,True
148,9,38,11.5,4.17,2,True
148,10,39,12.1,4.42,1,True
148,11,33,10.3,4.54,0,True
148,12,40,13.1,4.86,1,True
149,1,44,14.9,5.0,0,True
149,2,42,14.0,4.54,0,True
149,3,45,15.9,4.48,0,True
149,4,0,0.0,,0,False
149,5,0,0.0,,0,False
149,6,0,0.0,,0,False
149,7,0,0.0,,0,False
149,8,0,0.0,,0,False
149,9,0,0.0,,0,False
149,10,0,0.0,,0,False
149,11,0,0.0,,0,False
149,12,0,0.0,,0,False
150,1,37,11.7,4.84,2,True
150,2,27,8.0,4.63,1,True
150,3,32,11.0,4.31,1,True
150,4,30,10.0,5.0,1,True
150,5,28,10.0,4.77,0,True
150,6,35,10.7,4.8,2,True
150,7,25,7.7,4.62,0,True
150,8,34,10.5,4.94,0,True
150,9,32,10.4,4.46,0,True
150,10,27,8.4,4.5,1,True
150,11,36,11.3,4.56,0,True
150,12,32,9.8,4.57,1,True
151,1,34,12.0,4.34,1,True
151,2,26,9.8,4.67,1,True
151,3,34,10.2,4.65,1,True
151,4,28,10.5,4.02,1,True
151,5,30,11.2,4.86,0,True
151,6,36,11.4,4.49,1,True
151,7,37,13.0,4.79,0,True
151,8,42,13.3,4.39,2,True
151,9,39,14.1,4.74,1,True
151,10,37,12.5,4.75,1,True
151,11,36,11.6,4.82,1,True
151,12,37,13.0,4.17,1,True
152,1,35,11.1,4.37,1,True
152,2,33,9.7,4.83,0,True
152,3,36,11.2,4.3,4,True
152,4,44,15.2,4.41,0,True
152,5,40,13.5,4.66,1,True
152,6,39,14.5,4.68,0,True
152,7,34,12.2,4.81,1,True
152,8,45,14.2,5.0,1,True
152,9,36,12.2,3.99,1,True
152,10,39,12.3,4.88,0,True
152,11,36,10.8,4.54,0,True
152,12,42,13.2,4.58,0,True
153,1,34,11.0,4.6,3,True
153,2,31,9.2,4.91,1,True
153,3,35,10.4,4.73,4,True
153,4,38,13.7,4.47,2,True
153,5,35,10.4,4.85,0,True
153,6,35,10.5,4.71,1,True
153,7,39,12.9,4.36,0,True
153,8,35,12.9,4.32,0,True
153,9,24,7.2,5.0,1,True
153,10,30,9.2,4.3,1,True
153,11,37,14.1,4.61,2,True
153,12,34,11.8,4.58,2,True
154,1,23,7.5,4.62,0,True
154,2,20,6.8,4.74,2,True
154,3,20,6.1,4.77,1,True
154,4,22,7.3,4.27,2,True
154,5,26,7.7,4.86,1,True
154,6,21,6.3,4.79,0,True
154,7,24,8.3,4.29,0,True
154,8,20,7.2,4.61,1,True
154,9,22,7.9,4.54,0,True
154,10,24,8.1,4.46,0,True
154,11,31,9.4,4.37,1,True
154,12,24,8.6,4.6,2,True
155,1,18,5.3,4.45,2,True
155,2,12,3.8,4.47,1,True
155,3,19,6.4,4.97,0,True
155,4,17,5.2,4.68,1,True
155,5,29,10.0,4.53,0,True
155,6,21,7.0,4.66,0,True
155,7,22,6.6,4.43,1,True
155,8,23,8.0,4.77,0,True
155,9,16,5.7,4.81,5,True
155,10,26,9.2,4.37,0,True
155,11,19,7.0,4.43,0,True
155,12,21,7.7,5.0,1,True
156,1,30,9.1,4.41,0,True
156,2,28,10.0,4.78,2,True
156,3,24,7.4,4.69,3,True
156,4,35,11.1,4.84,1,True
156,5,31,9.4,4.76,0,True
156,6,36,13.0,4.95,0,True
156,7,35,11.4,4.62,1,True
156,8,40,14.9,4.11,0,True
156,9,39,14.5,4.85,1,True
156,10,38,12.3,4.54,0,True
156,11,36,13.5,4.61,0,True
156,12,38,13.1,4.55,0,True
157,1,32,11.4,4.54,2,True
157,2,18,6.8,4.98,1,True
157,3,26,8.1,4.61,1,True
157,4,26,8.0,4.35,0,True
157,5,26,8.6,4.35,1,True
157,6,28,10.6,4.73,0,True
157,7,25,8.2,4.62,1,True
157,8,27,8.9,4.48,0,True
157,9,27,9.5,4.84,0,True
157,10,32,11.8,4.61,0,True
157,11,30,9.7,4.61,0,True
157,12,29,8.6,4.96,0,True
158,1,42,14.5,4.75,1,True
158,2,42,12.7,4.29,1,True
158,3,0,0.0,,0,False
158,4,0,0.0,,0,False
158,5,0,0.0,,0,False
158,6,0,0.0,,0,False
158,7,0,0.0,,0,False
158,8,0,0.0,,0,False
158,9,0,0.0,,0,False
158,10,0,0.0,,0,False
158,11,0,0.0,,0,False
158,12,0,0.0,,0,False
159,1,29,8.8,4.66,1,True
159,2,29,10.4,4.67,1,True
159,3,32,11.5,5.0,0,True
159,4,23,8.0,4.33,1,True
159,5,28,8.9,4.47,4,True
159,6,38,14.5,3.83,1,True
159,7,38,13.8,4.79,0,True
159,8,36,11.3,4.44,0,True
159,9,33,11.2,4.51,0,True
159,10,33,10.9,4.66,0,True
159,11,40,13.5,4.56,0,True
159,12,37,13.5,4.76,2,True
160,1,19,5.6,4.39,0,True
160,2,21,6.8,4.47,1,True
160,3,18,6.3,4.61,0,True
160,4,19,6.7,4.41,1,True
160,5,17,5.4,5.0,1,True
160,6,24,7.8,4.56,0,True
160,7,22,7.0,4.26,1,True
160,8,21,6.5,4.47,3,True
160,9,22,6.9,4.83,1,True
160,10,28,8.6,4.54,0,True
160,11,24,9.1,4.87,1,True
160,12,19,6.8,4.61,1,True
161,1,22,8.3,4.68,0,True
161,2,23,7.3,4.46,2,True
161,3,19,6.8,4.49,1,True
161,4,22,7.0,4.49,2,True
161,5,19,5.9,4.68,0,True
161,6,26,9.8,4.67,0,True
161,7,22,6.7,4.22,1,True
161,8,21,7.0,4.91,1,True
161,9,24,9.2,4.55,0,True
161,10,20,7.7,4.03,1,True
161,11,21,7.1,4.14,1,True
161,12,23,7.0,4.73,0,True
162,1,19,7.0,4.62,0,True
162,2,0,0.0,,0,False
162,3,0,0.0,,0,False
162,4,0,0.0,,0,False
162,5,0,0.0,,0,False
162,6,0,0.0,,0,False
162,7,0,0.0,,0,False
162,8,0,0.0,,0,False
162,9,0,0.0,,0,False
162,10,0,0.0,,0,False
162,11,0,0.0,,0,False
162,12,0,0.0,,0,False
163,1,33,11.9,4.88,0,True
163,2,23,8.8,4.54,1,True
163,3,30,9.7,4.57,0,True
163,4,23,8.2,4.8,3,True
163,5,34,11.8,4.8,1,True
163,6,27,10.0,4.36,1,True
163,7,31,11.2,4.19,1,True
163,8,27,9.1,4.66,0,True
163,9,24,7.5,4.8,3,True
163,10,27,10.2,4.32,0,True
163,11,30,10.0,4.64,0,True
163,12,20,5.9,4.52,0,True
164,1,25,8.5,5.0,2,True
164,2,29,9.7,4.78,0,True
164,3,29,10.3,4.19,0,True
164,4,28,9.6,4.38,0,True
164,5,29,10.4,4.68,1,True
164,6,28,9.9,5.0,1,True
164,7,31,9.5,4.47,0,True
164,8,0,0.0,,0,False
164,9,0,0.0,,0,False
164,10,0,0.0,,0,False
164,11,0,0.0,,0,False
164,12,0,0.0,,0,False
165,1,26,8.3,4.33,1,True
165,2,24,8.0,4.47,4,True
165,3,20,6.5,4.83,1,True
165,4,29,9.9,4.71,1,True
165,5,28,9.8,4.49,0,True
165,6,0,0.0,,0,False
165,7,0,0.0,,0,False
165,8,0,0.0,,0,False
165,9,0,0.0,,0,False
165,10,0,0.0,,0,False
165,11,0,0.0,,0,False
165,12,0,0.0,,0,False
166,1,34,11.6,4.66,0,True
166,2,34,10.8,4.65,1,True
166,3,36,12.1,4.72,0,True
166,4,32,9.5,4.62,0,True
166,5,34,10.3,4.31,2,True
166,6,41,13.1,4.39,1,True
166,7,38,11.6,4.77,1,True
166,8,37,11.5,4.89,1,True
166,9,35,13.1,4.8,1,True
166,10,41,14.2,4.82,1,True
166,11,34,10.0,4.38,1,True
166,12,35,13.2,4.95,2,True
167,1,37,11.0,4.15,4,True
167,2,33,11.2,5.0,0,True
167,3,38,13.4,4.7,0,True
167,4,46,17.1,4.33,1,True
167,5,36,12.5,4.69,1,True
167,6,44,16.2,4.47,0,True
167,7,44,16.9,5.0,0,True
167,8,46,14.7,4.39,0,True
167,9,51,17.7,4.45,0,True
167,10,49,15.5,4.65,0,True
167,11,41,12.7,4.7,1,True
167,12,47,15.0,4.87,1,True
168,1,27,8.4,4.7,2,True
168,2,36,11.9,4.33,2,True
168,3,34,11.4,4.74,1,True
168,4,26,8.1,4.96,2,True
168,5,28,10.2,4.49,0,True
168,6,38,12.9,4.54,2,True
168,7,36,10.8,4.79,1,True
168,8,44,13.7,4.65,0,True
168,9,36,12.9,4.37,1,True
168,10,38,12.5,4.17,3,True
168,11,40,13.1,4.73,1,True
168,12,31,10.0,4.84,0,True
169,1,18,5.6,4.43,0,True
169,2,17,5.2,4.74,1,True
169,3,25,9.3,4.71,0,True
169,4,20,6.5,4.7,0,True
169,5,13,4.6,4.58,1,True
169,6,15,5.3,4.54,1,True
169,7,17,5.5,4.64,2,True
169,8,0,0.0,,0,False
169,9,0,0.0,,0,False
169,10,0,0.0,,0,False
169,11,0,0.0,,0,False
169,12,0,0.0,,0,False
170,1,36,11.1,4.71,1,True
170,2,30,9.4,4.61,0,True
170,3,32,10.0,4.73,2,True
170,4,33,10.0,4.65,2,True
170,5,34,11.5,5.0,0,True
170,6,39,14.4,4.87,1,True
170,7,47,17.6,4.57,1,True
170,8,38,12.7,4.65,1,True
170,9,34,10.7,4.46,1,True
170,10,46,13.7,4.88,0,True
170,11,38,12.8,4.6,2,True
170,12,37,13.5,4.73,0,True
171,1,31,9.9,4.51,0,True
171,2,41,15.1,4.72,0,True
171,3,40,12.9,4.67,0,True
171,4,31,11.3,4.61,0,True
171,5,33,11.1,4.98,0,True
171,6,31,10.6,4.93,3,True
171,7,38,13.3,4.64,1,True
171,8,28,9.7,4.65,0,True
171,9,33,12.1,4.37,1,True
171,10,29,9.5,4.87,2,True
171,11,31,10.1,4.57,1,True
171,12,32,12.0,4.45,2,True
172,1,31,10.3,4.92,2,True
172,2,30,11.0,4.17,0,True
172,3,29,10.6,4.17,0,True
172,4,27,9.2,4.92,0,True
172,5,37,11.2,4.33,3,True
172,6,32,10.4,4.6,0,True
172,7,40,13.3,4.65,0,True
172,8,44,14.3,4.71,0,True
172,9,34,11.0,4.53,1,True
172,10,40,13.5,4.72,1,True
172,11,37,12.7,4.2,0,True
172,12,38,12.0,4.8,3,True
173,1,31,9.4,4.67,0,True
173,2,33,10.0,4.66,1,True
173,3,36,12.4,4.65,1,True
173,4,38,13.0,4.55,0,True
173,5,36,10.8,4.72,1,True
173,6,38,12.0,4.22,1,True
173,7,35,11.0,4.89,0,True
173,8,39,13.8,4.39,1,True
173,9,34,10.1,4.89,0,True
173,10,34,11.7,4.88,3,True
173,11,35,12.8,4.52,0,True
173,12,34,12.7,4.58,0,True
174,1,25,8.9,4.5,3,True
174,2,25,8.0,4.56,0,True
174,3,23,7.1,4.49,2,True
174,4,22,7.7,4.16,2,True
174,5,29,10.9,5.0,0,True
174,6,28,9.1,4.6,1,True
174,7,31,9.3,4.55,0,True
174,8,29,9.2,5.0,1,True
174,9,33,10.9,4.4,1,True
174,10,29,9.0,4.66,0,True
174,11,33,12.7,4.4,1,True
174,12,23,8.3,4.98,0,True
175,1,39,14.8,4.68,1,True
175,2,40,12.5,4.8,2,True
175,3,44,13.1,4.25,0,True
175,4,37,12.2,4.65,1,True
175,5,39,14.0,4.61,3,True
175,6,40,14.7,4.15,1,True
175,7,41,14.4,4.87,1,True
175,8,51,17.1,4.47,0,True
175,9,43,14.5,4.08,1,True
175,10,34,11.7,4.46,1,True
175,11,37,13.1,4.55,1,True
175,12,34,12.7,4.63,2,True
176,1,14,4.2,4.83,0,True
176,2,24,7.2,4.31,1,True
176,3,29,10.5,4.46,1,True
176,4,17,6.4,4.71,0,True
176,5,30,9.0,4.38,0,True
176,6,23,6.9,4.29,0,True
176,7,27,9.8,4.28,2,True
176,8,23,7.1,4.95,1,True
176,9,22,6.9,4.59,0,True
176,10,25,9.5,4.3,0,True
176,11,32,10.4,4.31,2,True
176,12,19,6.3,4.78,1,True
177,1,35,10.5,4.53,3,True
177,2,33,11.6,4.65,1,True
177,3,34,10.9,4.55,1,True
177,4,31,11.5,4.25,1,True
177,5,35,11.5,4.46,2,True
177,6,38,13.9,4.42,2,True
177,7,32,10.1,4.32,2,True
177,8,31,11.5,4.82,0,True
177,9,31,9.5,4.67,0,True
177,10,39,14.1,4.12,0,True
177,11,33,10.7,4.75,1,True
177,12,0,0.0,,0,False
178,1,16,4.9,4.71,0,True
178,2,29,9.3,4.74,0,True
178,3,16,6.2,4.61,1,True
178,4,25,8.4,4.56,0,True
178,5,17,6.4,4.35,2,True
178,6,24,7.3,4.33,0,True
178,7,26,8.2,4.57,1,True
178,8,22,8.0,4.5,2,True
178,9,24,7.6,4.64,1,True
178,10,30,10.3,4.39,0,True
178,11,24,7.9,4.44,1,True
178,12,28,9.2,4.38,2,True
179,1,24,7.9,4.61,1,True
179,2,26,9.8,4.37,1,True
179,3,30,9.4,4.92,0,True
179,4,23,8.0,4.93,1,True
179,5,28,10.0,4.07,0,True
179,6,21,7.4,5.0,0,True
179,7,35,10.9,4.63,0,True
179,8,34,11.3,4.69,2,True
179,9,31,9.7,4.29,0,True
179,10,31,9.7,4.69,1,True
179,11,31,10.0,4.55,0,True
179,12,29,10.5,4.6,1,True
180,1,39,13.1,4.66,3,True
180,2,41,13.4,4.66,0,True
180,3,43,15.0,4.25,1,True
180,4,41,15.7,4.72,1,True
180,5,41,14.3,4.68,0,True
180,6,45,15.7,4.72,0,True
180,7,47,17.5,4.76,0,True
180,8,42,13.2,4.33,0,True
180,9,43,14.1,4.44,0,True
180,10,50,15.8,4.81,1,True
180,11,47,15.2,4.49,0,True
180,12,48,17.2,4.42,1,True
181,1,28,10.4,4.38,1,True
181,2,29,10.2,4.77,1,True
181,3,28,8.7,4.65,1,True
181,4,26,8.3,4.58,1,True
181,5,37,13.2,4.64,0,True
181,6,34,12.5,4.65,1,True
181,7,39,13.8,4.38,0,True
181,8,31,11.5,5.0,1,True
181,9,33,12.3,4.98,3,True
181,10,30,9.5,4.64,0,True
181,11,32,9.8,4.55,1,True
181,12,31,9.3,4.59,1,True
182,1,36,12.9,4.74,0,True
182,2,30,9.8,4.77,1,True
182,3,37,12.9,4.56,1,True
182,4,33,11.1,4.33,0,True
182,5,34,10.6,4.83,1,True
182,6,48,16.7,4.72,2,True
182,7,41,13.7,4.59,0,True
182,8,46,15.1,4.59,2,True
182,9,43,15.5,4.73,2,True
182,10,41,15.6,4.55,0,True
182,11,48,14.6,4.8,1,True
182,12,41,13.2,4.71,2,True
183,1,32,11.0,4.71,0,True
183,2,33,12.2,4.7,0,True
183,3,21,6.9,4.53,1,True
183,4,29,9.9,4.43,0,True
183,5,38,11.3,4.51,0,True
183,6,37,14.1,4.44,1,True
183,7,38,13.6,4.53,2,True
183,8,39,14.2,4.66,0,True
183,9,40,13.8,4.53,1,True
183,10,42,15.7,4.95,0,True
183,11,36,11.0,4.79,0,True
183,12,41,12.9,4.33,0,True
184,1,29,9.5,4.55,0,True
184,2,24,7.4,4.8,0,True
184,3,30,9.5,4.34,0,True
184,4,27,9.5,4.58,2,True
184,5,30,9.9,4.75,0,True
184,6,24,9.0,4.62,0,True
184,7,32,10.5,4.75,1,True
184,8,0,0.0,,0,False
184,9,0,0.0,,0,False
184,10,0,0.0,,0,False
184,11,0,0.0,,0,False
184,12,0,0.0,,0,False
185,1,39,13.6,4.38,1,True
185,2,36,11.7,4.79,1,True
185,3,39,13.9,4.42,0,True
185,4,33,10.9,4.74,0,True
185,5,44,13.0,4.36,0,True
185,6,44,13.7,4.99,1,True
185,7,44,15.2,4.56,0,True
185,8,55,20.9,4.72,1,True
185,9,44,15.9,4.18,2,True
185,10,44,16.7,4.61,0,True
185,11,48,16.5,4.83,1,True
185,12,42,12.8,4.45,0,True
186,1,28,9.4,4.51,1,True
186,2,29,9.9,4.39,2,True
186,3,26,8.2,4.42,0,True
186,4,28,9.5,4.38,0,True
186,5,30,10.4,4.32,0,True
186,6,34,11.8,5.0,0,True
186,7,33,9.9,4.23,0,True
186,8,0,0.0,,0,False
186,9,0,0.0,,0,False
186,10,0,0.0,,0,False
186,11,0,0.0,,0,False
186,12,0,0.0,,0,False
187,1,24,8.1,5.0,3,True
187,2,25,9.4,4.52,1,True
187,3,19,6.8,4.45,1,True
187,4,17,5.1,4.95,1,True
187,5,21,6.4,4.51,1,True
187,6,22,7.9,4.67,1,True
187,7,27,8.0,4.47,0,True
187,8,20,6.7,4.88,0,True
187,9,29,8.9,4.2,1,True
187,10,21,6.9,4.49,0,True
187,11,20,7.6,4.68,0,True
187,12,15,4.7,4.97,0,True
188,1,26,8.9,4.27,0,True
188,2,29,8.9,4.52,2,True
188,3,27,9.3,4.44,1,True
188,4,25,8.2,4.25,2,True
188,5,31,9.3,4.13,0,True
188,6,28,8.9,4.59,0,True
188,7,24,9.2,4.31,0,True
188,8,20,6.3,4.56,0,True
188,9,27,8.3,4.53,0,True
188,10,27,10.3,4.91,1,True
188,11,25,9.1,4.34,1,True
188,12,0,0.0,,0,False
189,1,31,9.5,4.7,0,True
189,2,33,11.4,4.99,1,True
189,3,30,10.9,5.0,0,True
189,4,38,14.3,4.61,0,True
189,5,0,0.0,,0,False
189,6,0,0.0,,0,False
189,7,0,0.0,,0,False
189,8,0,0.0,,0,False
189,9,0,0.0,,0,False
189,10,0,0.0,,0,False
189,11,0,0.0,,0,False
189,12,0,0.0,,0,False
190,1,30,10.4,4.95,1,True
190,2,30,11.5,4.46,0,True
190,3,31,10.6,4.55,2,True
190,4,38,13.0,4.75,0,True
190,5,29,9.4,4.54,1,True
190,6,24,7.8,4.89,1,True
190,7,22,7.4,4.86,1,True
190,8,26,9.7,4.75,0,True
190,9,32,11.2,4.1,0,True
190,10,34,10.1,4.21,1,True
190,11,31,10.6,3.85,1,True
190,12,34,12.9,4.5,0,True
191,1,19,6.6,4.88,1,True
191,2,19,5.9,4.68,2,True
191,3,23,7.6,4.2,0,True
191,4,17,6.5,4.02,0,True
191,5,0,0.0,,0,False
191,6,0,0.0,,0,False
191,7,0,0.0,,0,False
191,8,0,0.0,,0,False
191,9,0,0.0,,0,False
191,10,0,0.0,,0,False
191,11,0,0.0,,0,False
191,12,0,0.0,,0,False
192,1,27,8.1,4.37,2,True
192,2,25,9.1,4.55,0,True
192,3,25,8.3,4.51,4,True
192,4,30,10.9,4.55,0,True
192,5,29,11.1,4.82,0,True
192,6,30,10.5,4.63,0,True
192,7,27,8.4,4.27,1,True
192,8,26,9.8,4.62,0,True
192,9,28,9.8,5.0,0,True
192,10,34,10.8,4.35,0,True
192,11,21,7.9,4.5,3,True
192,12,23,6.9,5.0,2,True
193,1,24,8.2,4.97,0,True
193,2,30,8.9,4.61,0,True
193,3,25,8.0,4.66,0,True
193,4,28,8.9,4.77,1,True
193,5,26,7.9,4.58,1,True
193,6,28,9.5,4.92,1,True
193,7,0,0.0,,0,False
193,8,0,0.0,,0,False
193,9,0,0.0,,0,False
193,10,0,0.0,,0,False
193,11,0,0.0,,0,False
193,12,0,0.0,,0,False
194,1,27,8.2,4.64,0,True
194,2,29,10.7,4.66,1,True
194,3,33,11.4,4.4,0,True
194,4,30,9.7,5.0,0,True
194,5,36,11.3,4.48,0,True
194,6,33,11.3,4.07,1,True
194,7,40,13.2,4.37,0,True
194,8,31,11.3,4.95,1,True
194,9,38,11.6,4.39,0,True
194,10,36,13.4,4.52,0,True
194,11,35,12.3,4.34,0,True
194,12,36,12.3,4.62,0,True
195,1,18,5.9,4.63,2,True
195,2,22,7.0,4.87,0,True
195,3,20,7.2,4.55,1,True
195,4,25,8.1,4.88,3,True
195,5,22,8.1,4.62,1,True
195,6,22,6.5,4.85,2,True
195,7,19,6.8,4.69,0,True
195,8,20,7.0,4.42,0,True
195,9,21,7.8,4.77,0,True
195,10,18,6.2,4.6,1,True
195,11,17,6.3,4.75,1,True
195,12,21,7.6,4.57,0,True
196,1,34,11.0,4.39,1,True
196,2,27,8.8,4.86,2,True
196,3,21,6.2,4.79,0,True
196,4,24,7.1,4.85,0,True
196,5,27,8.4,4.81,2,True
196,6,21,6.4,4.25,0,True
196,7,24,8.3,4.47,1,True
196,8,26,7.9,4.83,0,True
196,9,0,0.0,,0,False
196,10,0,0.0,,0,False
196,11,0,0.0,,0,False
196,12,0,0.0,,0,False
197,1,28,9.2,4.34,0,True
197,2,0,0.0,,0,False
197,3,0,0.0,,0,False
197,4,0,0.0,,0,False
197,5,0,0.0,,0,False
197,6,0,0.0,,0,False
197,7,0,0.0,,0,False
197,8,0,0.0,,0,False
197,9,0,0.0,,0,False
197,10,0,0.0,,0,False
197,11,0,0.0,,0,False
197,12,0,0.0,,0,False
198,1,39,13.8,4.32,0,True
198,2,35,11.6,4.31,1,True
198,3,35,13.3,4.45,1,True
198,4,43,15.0,4.53,0,True
198,5,42,15.9,4.46,0,True
198,6,41,15.7,4.77,0,True
198,7,43,14.4,4.08,2,True
198,8,48,18.4,4.45,1,True
198,9,52,19.7,5.0,1,True
198,10,44,16.1,4.81,1,True
198,11,38,14.6,4.64,1,True
198,12,37,12.6,4.52,0,True
199,1,38,11.8,4.13,1,True
199,2,31,10.7,4.87,0,True
199,3,40,13.0,4.3,1,True
199,4,33,10.2,4.7,2,True
199,5,34,10.2,4.06,0,True
199,6,30,10.0,4.24,1,True
199,7,35,13.3,5.0,0,True
199,8,35,12.2,4.62,0,True
199,9,39,14.5,4.39,0,True
199,10,36,12.5,4.12,0,True
199,11,32,12.0,4.65,0,True
199,12,32,10.8,4.74,0,True
200,1,33,9.8,4.56,1,True
200,2,29,9.4,4.04,1,True
200,3,23,7.8,4.71,0,True
200,4,25,8.5,4.69,3,True
200,5,27,8.7,4.41,1,True
200,6,28,8.5,4.27,0,True
200,7,32,10.3,4.49,1,True
200,8,21,6.3,4.45,0,True
200,9,23,7.6,4.65,0,True
200,10,34,10.9,4.61,0,True
200,11,32,11.0,4.71,2,True
200,12,33,12.1,4.23,0,True
201,1,30,11.5,4.34,1,True
201,2,29,9.3,4.78,1,True
201,3,23,7.4,4.49,0,True
201,4,32,11.2,4.52,0,True
201,5,29,11.1,4.75,0,True
201,6,37,13.8,4.37,2,True
201,7,34,10.4,4.65,3,True
201,8,36,11.5,4.86,1,True
201,9,40,15.2,4.52,3,True
201,10,34,11.3,4.29,1,True
201,11,37,13.7,4.56,0,True
201,12,40,13.4,4.01,0,True
202,1,33,10.8,4.68,0,True
202,2,40,13.5,4.85,0,True
202,3,29,10.7,4.3,1,True
202,4,25,8.5,4.67,2,True
202,5,33,10.2,5.0,1,True
202,6,34,11.3,4.82,3,True
202,7,37,11.2,4.87,0,True
202,8,38,13.2,4.64,1,True
202,9,36,12.0,4.46,1,True
202,10,40,13.8,4.32,0,True
202,11,32,9.4,4.61,0,True
202,12,35,10.4,4.61,1,True
203,1,25,8.3,4.5,0,True
203,2,31,9.5,4.88,1,True
203,3,25,7.6,4.84,3,True
203,4,24,9.1,4.8,1,True
203,5,33,9.9,4.71,4,True
203,6,30,11.0,4.42,0,True
203,7,28,8.6,5.0,0,True
203,8,28,8.6,4.43,0,True
203,9,30,11.0,4.4,0,True
203,10,26,7.8,4.95,0,True
203,11,34,10.1,4.59,0,True
203,12,0,0.0,,0,False
204,1,23,7.2,4.6,1,True
204,2,27,9.6,4.5,0,True
204,3,20,6.3,4.73,0,True
204,4,31,9.4,4.47,3,True
204,5,18,5.6,4.56,0,True
204,6,28,8.6,4.41,0,True
204,7,24,7.9,4.18,1,True
204,8,24,8.2,4.67,0,True
204,9,19,6.0,4.35,0,True
204,10,21,6.9,4.87,3,True
204,11,0,0.0,,0,False
204,12,0,0.0,,0,False
205,1,22,7.5,4.7,0,True
205,2,22,6.7,4.65,0,True
205,3,25,9.3,5.0,0,True
205,4,25,8.6,4.22,2,True
205,5,21,6.6,4.87,1,True
205,6,26,9.2,5.0,0,True
205,7,26,9.0,4.94,0,True
205,8,30,10.0,4.9,1,True
205,9,26,9.9,4.59,1,True
205,10,24,9.0,4.79,3,True
205,11,28,9.6,5.0,1,True
205,12,18,6.2,4.43,1,True
206,1,26,8.7,4.52,0,True
206,2,28,8.4,4.35,2,True
206,3,29,8.8,4.85,1,True
206,4,19,6.8,4.73,1,True
206,5,24,7.9,4.55,0,True
206,6,26,8.0,4.55,0,True
206,7,23,7.9,4.7,3,True
206,8,18,5.7,4.39,0,True
206,9,26,8.6,4.55,1,True
206,10,25,9.0,4.19,1,True
206,11,27,9.0,4.27,1,True
206,12,26,9.1,4.78,2,True
207,1,25,7.5,4.7,1,True
207,2,26,8.4,4.68,4,True
207,3,20,7.6,4.19,1,True
207,4,24,8.4,4.73,2,True
207,5,26,9.1,4.95,1,True
207,6,0,0.0,,0,False
207,7,0,0.0,,0,False
207,8,0,0.0,,0,False
207,9,0,0.0,,0,False
207,10,0,0.0,,0,False
207,11,0,0.0,,0,False
207,12,0,0.0,,0,False
208,1,32,11.2,4.69,0,True
208,2,34,10.5,4.85,0,True
208,3,35,11.4,4.59,0,True
208,4,32,9.8,4.91,0,True
208,5,30,10.2,4.59,1,True
208,6,43,16.5,4.74,1,True
208,7,34,10.4,4.36,1,True
208,8,35,11.3,4.69,2,True
208,9,35,10.6,4.3,0,True
208,10,41,15.0,4.57,0,True
208,11,43,13.5,4.57,0,True
208,12,34,11.8,4.28,1,True
209,1,34,12.5,4.9,0,True
209,2,32,10.2,4.6,0,True
209,3,32,11.4,4.8,0,True
209,4,36,13.1,4.52,2,True
209,5,30,9.7,4.69,1,True
209,6,35,11.8,4.57,0,True
209,7,38,13.8,4.25,1,True
209,8,30,11.1,4.49,1,True
209,9,30,10.6,4.73,0,True
209,10,34,13.0,4.55,2,True
209,11,35,13.1,4.79,1,True
209,12,0,0.0,,0,False
210,1,21,7.1,4.69,0,True
210,2,0,0.0,,0,False
210,3,0,0.0,,0,False
210,4,0,0.0,,0,False
210,5,0,0.0,,0,False
210,6,0,0.0,,0,False
210,7,0,0.0,,0,False
210,8,0,0.0,,0,False
210,9,0,0.0,,0,False
210,10,0,0.0,,0,False
210,11,0,0.0,,0,False
210,12,0,0.0,,0,False
211,1,33,11.8,4.48,4,True
211,2,28,10.4,4.79,0,True
211,3,33,9.9,4.23,1,True
211,4,25,9.5,4.54,1,True
211,5,35,11.1,4.47,0,True
211,6,33,11.9,4.69,0,True
211,7,33,12.2,4.72,4,True
211,8,37,11.7,4.38,0,True
211,9,38,14.2,4.17,2,True
211,10,38,12.4,4.52,1,True
211,11,31,11.5,4.53,1,True
211,12,40,12.1,4.53,1,True
212,1,35,11.1,4.06,1,True
212,2,23,8.0,4.93,1,True
212,3,30,9.0,4.66,1,True
212,4,30,10.7,4.47,0,True
212,5,36,11.5,4.61,2,True
212,6,35,10.5,4.74,0,True
212,7,37,12.7,4.43,1,True
212,8,33,10.2,4.46,1,True
212,9,32,11.7,4.45,0,True
212,10,37,11.7,4.56,1,True
212,11,29,10.4,4.36,1,True
212,12,28,8.4,5.0,2,True
213,1,31,9.2,4.72,1,True
213,2,35,11.3,4.49,0,True
213,3,37,13.0,4.36,4,True
213,4,34,12.3,4.33,1,True
213,5,37,12.8,4.44,4,True
213,6,34,11.2,4.61,0,True
213,7,34,12.0,4.43,0,True
213,8,27,8.6,4.69,1,True
213,9,32,9.6,4.26,2,True
213,10,31,11.0,5.0,1,True
213,11,37,12.4,5.0,1,True
213,12,30,9.3,4.39,1,True
214,1,32,10.0,4.52,1,True
214,2,35,10.9,4.51,0,True
214,3,26,9.2,4.66,3,True
214,4,31,9.5,4.94,1,True
214,5,0,0.0,,0,False
214,6,0,0.0,,0,False
214,7,0,0.0,,0,False
214,8,0,0.0,,0,False
214,9,0,0.0,,0,False
214,10,0,0.0,,0,False
214,11,0,0.0,,0,False
214,12,0,0.0,,0,False
215,1,22,7.7,4.52,0,True
215,2,20,6.9,4.24,0,True
215,3,26,8.6,4.24,2,True
215,4,23,7.3,4.4,0,True
215,5,22,6.8,4.47,2,True
215,6,26,8.3,4.28,2,True
215,7,25,7.6,4.57,1,True
215,8,30,9.7,4.16,0,True
215,9,0,0.0,,0,False
215,10,0,0.0,,0,False
215,11,0,0.0,,0,False
215,12,0,0.0,,0,False
216,1,26,9.0,4.6,1,True
216,2,22,8.4,5.0,0,True
216,3,18,6.5,4.51,0,True
216,4,21,6.2,4.82,1,True
216,5,25,7.6,4.43,2,True
216,6,20,6.5,4.67,2,True
216,7,27,8.4,4.7,0,True
216,8,24,7.9,4.78,1,True
216,9,31,11.8,4.33,0,True
216,10,32,11.7,5.0,1,True
216,11,26,8.6,4.25,0,True
216,12,28,10.1,4.22,1,True
217,1,32,11.9,4.76,1,True
217,2,29,9.1,4.41,0,True
217,3,30,10.4,4.39,1,True
217,4,28,8.4,4.73,0,True
217,5,27,8.1,4.36,0,True
217,6,30,9.0,4.7,0,True
217,7,32,10.9,4.61,1,True
217,8,34,10.5,4.63,0,True
217,9,31,9.8,4.54,0,True
217,10,33,10.3,4.59,1,True
217,11,28,10.4,4.67,2,True
217,12,30,9.3,4.56,1,True
218,1,30,11.1,4.87,1,True
218,2,33,12.4,5.0,1,True
218,3,33,12.7,4.43,0,True
218,4,35,13.1,4.26,2,True
218,5,38,12.4,4.61,1,True
218,6,42,15.7,4.96,1,True
218,7,39,14.0,4.52,0,True
218,8,40,13.2,4.41,0,True
218,9,32,10.3,4.74,0,True
218,10,30,10.7,4.68,1,True
218,11,34,10.4,4.21,1,True
218,12,36,12.9,4.35,0,True
219,1,17,6.3,4.49,0,True
219,2,16,5.3,4.42,2,True
219,3,17,5.7,4.34,1,True
219,4,16,6.0,4.71,1,True
219,5,26,8.8,5.0,0,True
219,6,24,8.2,5.0,0,True
219,7,20,6.1,4.55,0,True
219,8,25,8.0,4.64,0,True
219,9,23,8.2,4.65,1,True
219,10,29,9.0,4.2,1,True
219,11,21,7.2,4.9,0,True
219,12,19,5.9,4.95,0,True
220,1,27,8.3,5.0,1,True
220,2,30,9.3,4.76,2,True
220,3,30,10.2,4.55,1,True
220,4,32,10.1,4.66,0,True
220,5,26,9.5,4.38,1,True
220,6,32,12.1,4.43,1,True
220,7,30,9.3,4.85,2,True
220,8,27,8.4,4.34,2,True
220,9,29,8.7,4.63,3,True
220,10,38,11.4,4.69,0,True
220,11,33,10.0,4.75,0,True
220,12,34,11.8,5.0,0,True
221,1,43,15.7,4.68,1,True
221,2,37,13.0,4.4,1,True
221,3,36,10.9,4.54,0,True
221,4,38,11.9,4.49,2,True
221,5,38,12.4,4.64,1,True
221,6,42,16.1,4.18,0,True
221,7,35,12.0,4.33,0,True
221,8,38,11.5,4.68,0,True
221,9,41,12.5,4.29,1,True
221,10,43,13.3,4.92,1,True
221,11,32,10.5,4.85,1,True
221,12,39,14.8,4.37,0,True
222,1,27,8.7,4.81,1,True
222,2,29,10.9,3.99,1,True
222,3,32,9.8,4.65,1,True
222,4,34,10.9,4.97,2,True
222,5,35,10.7,5.0,1,True
222,6,30,10.2,4.7,1,True
222,7,37,13.4,4.99,2,True
222,8,27,8.1,4.29,0,True
222,9,33,12.2,4.89,1,True
222,10,30,10.9,4.83,1,True
222,11,29,9.5,4.46,0,True
222,12,29,9.9,4.88,1,True
223,1,31,11.5,4.37,1,True
223,2,36,10.6,4.41,0,True
223,3,32,11.2,4.91,1,True
223,4,25,8.3,4.42,0,True
223,5,32,10.2,4.72,1,True
223,6,41,12.4,4.67,0,True
223,7,35,11.8,4.77,3,True
223,8,35,12.6,4.52,0,True
223,9,38,13.4,4.47,2,True
223,10,49,18.3,5.0,2,True
223,11,39,11.9,4.37,2,True
223,12,39,13.8,4.44,0,True
224,1,26,8.7,4.8,1,True
224,2,27,9.5,4.85,1,True
224,3,26,7.9,4.61,1,True
224,4,29,9.4,4.45,0,True
224,5,32,12.0,4.35,3,True
224,6,27,8.4,4.51,1,True
224,7,35,11.0,4.86,0,True
224,8,29,8.6,5.0,0,True
224,9,31,10.7,4.96,0,True
224,10,28,8.7,4.83,1,True
224,11,29,9.0,5.0,2,True
224,12,29,10.5,4.85,1,True
225,1,30,9.4,4.93,1,True
225,2,34,12.7,4.99,0,True
225,3,0,0.0,,0,False
225,4,0,0.0,,0,False
225,5,0,0.0,,0,False
225,6,0,0.0,,0,False
225,7,0,0.0,,0,False
225,8,0,0.0,,0,False
225,9,0,0.0,,0,False
225,10,0,0.0,,0,False
225,11,0,0.0,,0,False
225,12,0,0.0,,0,False
226,1,23,7.1,5.0,0,True
226,2,21,6.4,4.55,0,True
226,3,18,6.2,4.2,0,True
226,4,22,7.4,4.3,1,True
226,5,21,6.3,4.35,0,True
226,6,28,10.0,4.86,1,True
226,7,22,8.4,5.0,0,True
226,8,21,7.6,4.4,1,True
226,9,20,6.8,4.73,1,True
226,10,23,6.9,4.22,0,True
226,11,26,9.1,4.52,0,True
226,12,32,10.2,4.57,3,True
227,1,19,5.8,4.3,1,True
227,2,21,6.2,4.71,0,True
227,3,19,6.7,4.7,1,True
227,4,14,5.1,5.0,0,True
227,5,18,5.5,4.73,0,True
227,6,13,4.6,4.73,0,True
227,7,17,6.2,4.33,2,True
227,8,10,3.7,4.9,2,True
227,9,18,6.1,4.26,0,True
227,10,19,6.9,4.46,0,True
227,11,17,5.1,4.39,0,True
227,12,16,5.1,4.86,1,True
228,1,32,10.7,4.37,1,True
228,2,39,13.9,4.49,0,True
228,3,30,9.0,4.64,0,True
228,4,35,12.6,4.22,1,True
228,5,42,13.4,4.83,1,True
228,6,38,11.5,4.83,0,True
228,7,39,13.3,4.46,2,True
228,8,45,16.7,4.79,0,True
228,9,37,13.7,4.81,1,True
228,10,47,14.2,4.21,0,True
228,11,44,15.5,4.71,1,True
228,12,45,14.6,4.29,0,True
229,1,23,7.1,4.49,1,True
229,2,21,6.8,4.97,0,True
229,3,24,7.9,4.35,0,True
229,4,28,9.0,4.48,0,True
229,5,25,8.5,4.69,1,True
229,6,31,11.6,4.82,1,True
229,7,31,10.1,4.34,0,True
229,8,28,9.2,4.35,0,True
229,9,37,11.6,4.36,1,True
229,10,30,9.5,4.54,1,True
229,11,34,12.8,4.71,2,True
229,12,35,11.6,4.27,0,True
230,1,33,11.7,4.6,1,True
230,2,0,0.0,,0,False
230,3,0,0.0,,0,False
230,4,0,0.0,,0,False
230,5,0,0.0,,0,False
230,6,0,0.0,,0,False
230,7,0,0.0,,0,False
230,8,0,0.0,,0,False
230,9,0,0.0,,0,False
230,10,0,0.0,,0,False
230,11,0,0.0,,0,False
230,12,0,0.0,,0,False
231,1,20,6.5,4.94,0,True
231,2,16,6.0,4.84,1,True
231,3,23,7.1,4.44,0,True
231,4,31,10.0,4.51,0,True
231,5,17,5.4,4.54,0,True
231,6,24,7.9,4.66,0,True
231,7,17,5.6,4.53,0,True
231,8,24,7.8,4.6,1,True
231,9,23,6.9,4.76,0,True
231,10,24,7.9,4.96,2,True
231,11,23,8.5,4.63,3,True
231,12,22,8.4,4.46,0,True
232,1,24,8.8,4.6,2,True
232,2,22,6.7,4.31,0,True
232,3,14,4.3,4.75,2,True
232,4,21,7.6,4.51,2,True
232,5,22,8.3,4.57,1,True
232,6,19,7.3,4.05,2,True
232,7,24,8.9,4.7,1,True
232,8,20,7.5,4.69,0,True
232,9,23,7.2,4.67,0,True
232,10,15,4.5,4.74,0,True
232,11,22,8.2,4.89,1,True
232,12,27,9.2,4.74,1,True
233,1,22,6.7,3.99,2,True
233,2,29,8.6,4.82,0,True
233,3,25,7.4,4.73,1,True
233,4,26,8.0,5.0,1,True
233,5,36,11.9,4.57,1,True
233,6,32,10.1,4.5,0,True
233,7,38,12.7,4.64,1,True
233,8,41,12.9,4.5,0,True
233,9,0,0.0,,0,False
233,10,0,0.0,,0,False
233,11,0,0.0,,0,False
233,12,0,0.0,,0,False
234,1,26,8.6,4.63,0,True
234,2,30,10.1,4.73,1,True
234,3,30,10.1,4.83,0,True
234,4,0,0.0,,0,False
234,5,0,0.0,,0,False
234,6,0,0.0,,0,False
234,7,0,0.0,,0,False
234,8,0,0.0,,0,False
234,9,0,0.0,,0,False
234,10,0,0.0,,0,False
234,11,0,0.0,,0,False
234,12,0,0.0,,0,False
235,1,30,10.3,4.55,1,True
235,2,28,10.7,4.24,1,True
235,3,33,9.8,4.46,0,True
235,4,29,9.1,4.61,2,True
235,5,40,12.5,4.35,1,True
235,6,35,11.2,4.99,0,True
235,7,37,11.5,5.0,0,True
235,8,42,13.1,4.73,1,True
235,9,36,12.2,4.59,1,True
235,10,44,13.1,4.28,0,True
235,11,39,11.8,4.92,1,True
235,12,41,15.4,4.44,0,True
236,1,34,10.0,4.3,0,True
236,2,28,9.5,5.0,2,True
236,3,28,9.7,4.62,0,True
236,4,0,0.0,,0,False
236,5,0,0.0,,0,False
236,6,0,0.0,,0,False
236,7,0,0.0,,0,False
236,8,0,0.0,,0,False
236,9,0,0.0,,0,False
236,10,0,0.0,,0,False
236,11,0,0.0,,0,False
236,12,0,0.0,,0,False
237,1,32,12.0,5.0,0,True
237,2,34,12.2,4.1,0,True
237,3,30,9.6,4.68,3,True
237,4,31,9.5,4.86,2,True
237,5,41,14.2,4.58,0,True
237,6,31,9.5,4.42,0,True
237,7,26,9.6,4.39,3,True
237,8,30,10.3,4.85,2,True
237,9,33,12.5,4.93,0,True
237,10,33,12.7,4.37,0,True
237,11,29,8.8,4.81,1,True
237,12,31,10.3,4.2,1,True
238,1,30,9.8,4.87,0,True
238,2,32,11.4,4.28,0,True
238,3,31,11.0,4.24,1,True
238,4,29,10.4,4.75,2,True
238,5,41,13.2,4.92,0,True
238,6,35,12.6,4.52,1,True
238,7,35,11.8,4.41,1,True
238,8,34,10.0,4.57,0,True
238,9,40,14.2,4.52,1,True
238,10,42,15.2,4.43,0,True
238,11,37,12.1,4.34,0,True
238,12,36,11.5,5.0,0,True
239,1,46,13.7,4.43,0,True
239,2,42,14.6,4.76,1,True
239,3,39,15.0,4.78,2,True
239,4,45,14.4,4.18,4,True
239,5,36,13.4,4.82,0,True
239,6,41,14.4,4.54,0,True
239,7,0,0.0,,0,False
239,8,0,0.0,,0,False
239,9,0,0.0,,0,False
239,10,0,0.0,,0,False
239,11,0,0.0,,0,False
239,12,0,0.0,,0,False
240,1,19,6.9,4.5,2,True
240,2,25,7.8,4.83,0,True
240,3,0,0.0,,0,False
240,4,0,0.0,,0,False
240,5,0,0.0,,0,False
240,6,0,0.0,,0,False
240,7,0,0.0,,0,False
240,8,0,0.0,,0,False
240,9,0,0.0,,0,False
240,10,0,0.0,,0,False
240,11,0,0.0,,0,False
240,12,0,0.0,,0,False
241,1,35,11.9,4.8,3,True
241,2,27,8.8,4.92,0,True
241,3,31,9.5,4.47,0,True
241,4,29,9.8,5.0,1,True
241,5,37,13.8,4.89,0,True
241,6,32,9.7,4.63,1,True
241,7,37,13.1,4.6,1,True
241,8,34,12.0,4.61,0,True
241,9,30,10.1,4.91,0,True
241,10,36,13.2,4.8,3,True
241,11,33,12.6,4.47,0,True
241,12,0,0.0,,0,False
242,1,35,10.8,4.63,1,True
242,2,33,10.2,4.57,0,True
242,3,34,13.0,4.46,0,True
242,4,38,12.0,4.9,0,True
242,5,42,13.8,4.81,0,True
242,6,0,0.0,,0,False
242,7,0,0.0,,0,False
242,8,0,0.0,,0,False
242,9,0,0.0,,0,False
242,10,0,0.0,,0,False
242,11,0,0.0,,0,False
242,12,0,0.0,,0,False
243,1,42,15.1,4.71,0,True
243,2,41,14.7,4.91,0,True
243,3,39,12.0,4.62,3,True
243,4,28,10.3,4.41,0,True
243,5,34,12.1,4.44,1,True
243,6,40,12.0,4.35,2,True
243,7,39,12.2,4.33,0,True
243,8,38,12.4,4.37,1,True
243,9,35,10.3,4.67,1,True
243,10,37,13.5,4.38,0,True
243,11,38,11.9,4.24,2,True
243,12,37,11.6,4.6,0,True
244,1,27,8.6,4.64,0,True
244,2,24,8.6,4.58,1,True
244,3,25,7.4,4.62,0,True
244,4,22,6.7,4.96,0,True
244,5,0,0.0,,0,False
244,6,0,0.0,,0,False
244,7,0,0.0,,0,False
244,8,0,0.0,,0,False
244,9,0,0.0,,0,False
244,10,0,0.0,,0,False
244,11,0,0.0,,0,False
244,12,0,0.0,,0,False
245,1,36,11.0,4.28,0,True
245,2,31,9.4,4.29,0,True
245,3,31,10.2,4.77,0,True
245,4,31,9.8,4.95,0,True
245,5,32,10.3,4.19,2,True
245,6,29,11.0,4.86,0,True
245,7,32,9.8,5.0,2,True
245,8,33,12.2,4.65,2,True
245,9,0,0.0,,0,False
245,10,0,0.0,,0,False
245,11,0,0.0,,0,False
245,12,0,0.0,,0,False
246,1,39,13.7,4.36,2,True
246,2,35,11.7,4.64,0,True
246,3,35,11.9,4.57,1,True
246,4,41,13.0,4.92,0,True
246,5,41,13.6,4.06,4,True
246,6,39,11.5,4.57,0,True
246,7,47,15.0,4.24,1,True
246,8,43,13.8,4.56,0,True
246,9,52,15.5,4.71,1,True
246,10,45,15.0,3.98,1,True
246,11,45,14.5,4.5,0,True
246,12,42,14.5,4.67,1,True
247,1,25,8.6,4.62,0,True
247,2,32,11.6,4.33,1,True
247,3,34,11.6,4.6,0,True
247,4,36,11.6,4.58,1,True
247,5,37,13.0,4.52,0,True
247,6,0,0.0,,0,False
247,7,0,0.0,,0,False
247,8,0,0.0,,0,False
247,9,0,0.0,,0,False
247,10,0,0.0,,0,False
247,11,0,0.0,,0,False
247,12,0,0.0,,0,False
248,1,25,7.6,4.05,1,True
248,2,23,7.4,4.96,2,True
248,3,0,0.0,,0,False
248,4,0,0.0,,0,False
248,5,0,0.0,,0,False
248,6,0,0.0,,0,False
248,7,0,0.0,,0,False
248,8,0,0.0,,0,False
248,9,0,0.0,,0,False
248,10,0,0.0,,0,False
248,11,0,0.0,,0,False
248,12,0,0.0,,0,False
249,1,34,12.1,4.58,1,True
249,2,27,8.3,4.46,1,True
249,3,30,9.3,4.82,0,True
249,4,27,8.0,4.67,1,True
249,5,26,9.6,5.0,1,True
249,6,33,12.2,4.69,0,True
249,7,28,8.7,4.37,2,True
249,8,31,9.3,4.78,0,True
249,9,27,9.7,4.81,0,True
249,10,30,11.2,4.6,0,True
249,11,22,8.0,4.51,0,True
249,12,32,9.7,4.64,0,True
250,1,30,11.0,4.71,0,True
250,2,32,9.4,4.93,0,True
250,3,26,9.4,4.26,1,True
250,4,33,10.3,4.8,2,True
250,5,26,7.7,4.13,2,True
250,6,27,8.9,4.49,0,True
250,7,32,9.9,4.37,0,True
250,8,30,11.1,5.0,0,True
250,9,29,10.5,4.79,0,True
250,10,27,9.5,4.55,0,True
250,11,32,10.6,4.0,2,True
250,12,32,10.7,4.56,0,True
251,1,26,9.9,4.44,0,True
251,2,33,11.6,4.53,0,True
251,3,30,11.2,4.02,1,True
251,4,31,10.3,4.34,1,True
251,5,41,13.2,4.68,2,True
251,6,38,13.5,4.66,1,True
251,7,38,11.2,4.74,0,True
251,8,38,14.4,4.66,2,True
251,9,42,15.9,4.77,1,True
251,10,44,16.9,4.75,1,True
251,11,47,14.5,4.62,2,True
251,12,39,13.5,4.46,0,True
252,1,33,11.5,4.92,0,True
252,2,29,10.8,4.81,0,True
252,3,24,8.3,4.47,0,True
252,4,25,7.7,4.58,2,True
252,5,27,8.6,4.49,0,True
252,6,32,10.5,5.0,0,True
252,7,34,13.0,4.62,1,True
252,8,0,0.0,,0,False
252,9,0,0.0,,0,False
252,10,0,0.0,,0,False
252,11,0,0.0,,0,False
252,12,0,0.0,,0,False
253,1,33,12.1,4.69,0,True
253,2,39,12.4,4.51,0,True
253,3,33,10.1,4.46,0,True
253,4,33,11.0,4.98,1,True
253,5,30,10.2,4.4,1,True
253,6,31,11.5,4.17,1,True
253,7,26,7.8,4.86,0,True
253,8,28,8.6,4.62,1,True
253,9,26,9.0,4.43,1,True
253,10,26,9.5,4.78,1,True
253,11,27,9.8,4.37,2,True
253,12,24,7.7,4.12,0,True
254,1,35,11.2,4.85,0,True
254,2,27,8.9,5.0,0,True
254,3,30,9.7,5.0,0,True
254,4,31,11.4,4.72,0,True
254,5,34,10.3,4.84,0,True
254,6,32,10.7,4.65,4,True
254,7,29,8.8,4.87,0,True
254,8,26,7.7,4.66,1,True
254,9,34,10.8,4.43,1,True
254,10,32,9.8,4.65,1,True
254,11,28,8.3,4.59,1,True
254,12,36,10.8,4.8,0,True
255,1,26,8.3,4.78,1,True
255,2,29,11.1,4.48,1,True
255,3,28,8.8,4.01,1,True
255,4,29,9.2,4.34,1,True
255,5,30,10.1,4.8,0,True
255,6,27,8.1,5.0,1,True
255,7,24,7.3,4.79,3,True
255,8,25,8.8,4.49,0,True
255,9,27,10.3,4.56,1,True
255,10,27,8.3,4.29,1,True
255,11,24,7.3,4.57,0,True
255,12,25,7.7,4.64,0,True
256,1,30,10.3,4.72,1,True
256,2,34,11.7,4.16,1,True
256,3,31,9.4,4.32,0,True
256,4,27,9.3,4.31,0,True
256,5,33,10.5,4.94,2,True
256,6,40,14.1,5.0,0,True
256,7,49,17.3,4.53,0,True
256,8,40,15.0,4.47,0,True
256,9,44,15.9,5.0,4,True
256,10,40,13.2,4.24,0,True
256,11,44,13.3,4.99,1,True
256,12,42,13.1,4.59,0,True
257,1,46,17.7,4.31,0,True
257,2,42,13.2,5.0,2,True
257,3,47,14.2,4.93,0,True
257,4,49,15.9,4.54,2,True
257,5,47,16.9,4.23,3,True
257,6,56,17.0,4.38,3,True
257,7,62,19.3,4.74,2,True
257,8,66,20.7,4.66,0,True
257,9,55,17.1,4.54,1,True
257,10,0,0.0,,0,False
257,11,0,0.0,,0,False
257,12,0,0.0,,0,False
258,1,20,7.6,4.43,1,True
258,2,17,5.5,5.0,0,True
258,3,17,5.3,4.43,0,True
258,4,18,6.4,4.62,2,True
258,5,23,8.5,4.67,2,True
258,6,16,5.1,4.45,0,True
258,7,24,7.7,4.83,0,True
258,8,12,3.8,4.03,1,True
258,9,19,7.0,4.57,1,True
258,10,26,8.1,4.83,1,True
258,11,20,5.9,4.52,0,True
258,12,16,4.9,4.59,0,True
259,1,29,10.8,4.47,0,True
259,2,32,11.3,4.77,0,True
259,3,36,11.0,4.36,0,True
259,4,38,14.0,4.86,2,True
259,5,37,14.2,4.37,1,True
259,6,33,11.3,4.67,0,True
259,7,28,10.1,4.44,0,True
259,8,29,8.8,4.6,1,True
259,9,33,12.3,4.71,1,True
259,10,39,13.7,4.65,2,True
259,11,27,8.0,4.24,1,True
259,12,30,9.8,4.49,1,True
260,1,25,7.7,4.69,0,True
260,2,28,9.7,4.7,2,True
260,3,31,9.8,4.63,0,True
260,4,25,7.4,4.97,0,True
260,5,30,10.9,4.85,0,True
260,6,34,11.2,4.38,3,True
260,7,38,11.5,4.97,1,True
260,8,0,0.0,,0,False
260,9,0,0.0,,0,False
260,10,0,0.0,,0,False
260,11,0,0.0,,0,False
260,12,0,0.0,,0,False
261,1,33,10.9,4.46,3,True
261,2,37,11.7,4.76,0,True
261,3,36,13.2,4.28,1,True
261,4,27,9.4,4.76,2,True
261,5,35,10.7,4.94,1,True
261,6,34,12.7,4.62,1,True
261,7,39,14.3,4.76,1,True
261,8,34,10.3,4.23,1,True
261,9,28,8.4,4.76,3,True
261,10,36,13.0,4.62,0,True
261,11,37,12.6,4.54,0,True
261,12,32,10.1,4.58,0,True
262,1,27,8.3,4.84,3,True
262,2,25,8.3,4.73,0,True
262,3,22,8.2,4.66,1,True
262,4,29,10.0,4.96,3,True
262,5,31,10.4,4.93,0,True
262,6,32,11.2,4.97,1,True
262,7,37,13.1,4.72,1,True
262,8,42,13.5,4.45,0,True
262,9,38,14.4,4.39,1,True
262,10,40,13.1,4.82,0,True
262,11,37,13.4,4.7,0,True
262,12,39,13.4,4.67,0,True
263,1,35,11.6,4.88,2,True
263,2,32,9.6,5.0,0,True
263,3,36,12.0,4.53,1,True
263,4,41,15.7,4.25,1,True
263,5,33,10.1,4.59,0,True
263,6,34,11.9,4.96,1,True
263,7,37,11.9,4.6,0,True
263,8,34,12.2,4.67,0,True
263,9,36,12.1,4.64,0,True
263,10,35,11.6,4.62,2,True
263,11,43,13.0,4.84,0,True
263,12,32,9.9,4.53,1,True
264,1,35,11.8,4.72,1,True
264,2,39,11.7,4.75,1,True
264,3,41,12.3,4.41,0,True
264,4,31,9.8,4.25,2,True
264,5,35,11.4,4.66,0,True
264,6,33,12.3,4.92,1,True
264,7,37,12.0,5.0,0,True
264,8,34,10.7,4.84,0,True
264,9,36,12.2,5.0,1,True
264,10,39,12.5,4.85,0,True
264,11,38,12.7,4.53,1,True
264,12,38,13.9,4.79,0,True
265,1,22,7.5,4.71,1,True
265,2,36,11.4,4.38,0,True
265,3,33,10.8,4.9,0,True
265,4,29,10.9,4.56,2,True
265,5,28,8.6,4.6,1,True
265,6,34,12.5,5.0,1,True
265,7,35,11.3,5.0,1,True
265,8,28,9.2,5.0,0,True
265,9,37,12.0,4.32,0,True
265,10,38,12.5,4.83,1,True
265,11,37,11.1,4.49,0,True
265,12,41,12.2,4.24,1,True
266,1,35,12.5,4.82,0,True
266,2,33,10.7,4.44,1,True
266,3,36,12.4,4.7,1,True
266,4,39,11.8,4.65,2,True
266,5,40,12.5,4.37,0,True
266,6,36,11.4,4.47,1,True
266,7,37,13.0,4.46,1,True
266,8,34,11.2,4.66,0,True
266,9,44,15.1,4.75,0,True
266,10,37,14.2,4.65,0,True
266,11,36,11.6,4.97,0,True
266,12,41,15.1,4.77,1,True
267,1,16,5.2,4.55,1,True
267,2,16,5.8,4.76,0,True
267,3,15,4.4,4.87,0,True
267,4,19,6.0,4.8,0,True
267,5,16,5.6,4.75,1,True
267,6,16,5.7,4.45,0,True
267,7,18,5.5,4.59,1,True
267,8,14,5.0,4.22,0,True
267,9,19,6.8,4.68,0,True
267,10,16,4.9,4.73,2,True
267,11,14,4.3,4.5,1,True
267,12,23,8.3,4.52,4,True
268,1,38,13.8,4.63,0,True
268,2,40,15.1,4.52,0,True
268,3,42,13.2,4.93,0,True
268,4,43,14.9,4.85,0,True
268,5,31,11.2,4.94,1,True
268,6,37,12.4,4.65,0,True
268,7,34,10.4,4.34,1,True
268,8,38,12.9,4.53,1,True
268,9,40,15.4,4.55,2,True
268,10,44,13.6,4.94,1,True
268,11,0,0.0,,0,False
268,12,0,0.0,,0,False
269,1,35,13.4,4.34,0,True
269,2,38,11.6,4.41,2,True
269,3,36,11.5,5.0,1,True
269,4,37,14.1,4.7,0,True
269,5,27,9.7,4.39,2,True
269,6,33,12.1,4.75,1,True
269,7,36,11.9,4.42,1,True
269,8,34,10.9,4.7,1,True
269,9,37,12.9,4.4,0,True
269,10,31,10.7,4.56,0,True
269,11,32,10.6,4.74,0,True
269,12,28,9.6,4.44,0,True
270,1,37,12.6,4.5,0,True
270,2,36,11.7,4.43,0,True
270,3,38,11.5,4.57,2,True
270,4,34,10.4,4.91,1,True
270,5,35,11.1,4.53,1,True
270,6,35,11.4,4.67,0,True
270,7,33,9.7,4.48,1,True
270,8,31,9.4,5.0,0,True
270,9,39,12.6,5.0,0,True
270,10,37,13.4,4.55,2,True
270,11,32,10.7,4.51,1,True
270,12,36,11.6,4.78,0,True
271,1,20,6.3,4.88,0,True
271,2,24,7.5,4.4,1,True
271,3,25,8.4,4.56,0,True
271,4,18,6.4,4.95,1,True
271,5,24,7.4,4.63,2,True
271,6,28,8.9,4.56,2,True
271,7,29,10.8,4.65,1,True
271,8,22,7.7,4.43,0,True
271,9,19,5.9,4.75,1,True
271,10,22,6.5,4.37,0,True
271,11,27,9.9,4.51,0,True
271,12,20,6.2,4.58,1,True
272,1,28,8.7,5.0,0,True
272,2,0,0.0,,0,False
272,3,0,0.0,,0,False
272,4,0,0.0,,0,False
272,5,0,0.0,,0,False
272,6,0,0.0,,0,False
272,7,0,0.0,,0,False
272,8,0,0.0,,0,False
272,9,0,0.0,,0,False
272,10,0,0.0,,0,False
272,11,0,0.0,,0,False
272,12,0,0.0,,0,False
273,1,33,11.2,4.61,0,True
273,2,24,8.6,4.45,2,True
273,3,30,9.0,4.6,0,True
273,4,27,8.0,4.99,1,True
273,5,32,10.0,4.72,0,True
273,6,39,12.3,5.0,0,True
273,7,24,7.3,4.47,1,True
273,8,34,12.2,4.5,2,True
273,9,32,11.0,4.47,0,True
273,10,32,10.5,4.69,0,True
273,11,28,10.0,4.6,4,True
273,12,26,8.6,4.53,2,True
274,1,32,10.2,5.0,0,True
274,2,28,9.9,4.63,0,True
274,3,35,10.6,4.84,0,True
274,4,37,12.8,4.08,2,True
274,5,38,11.8,5.0,1,True
274,6,39,11.7,4.5,1,True
274,7,32,11.6,4.5,3,True
274,8,38,13.5,4.87,0,True
274,9,39,15.0,4.73,2,True
274,10,34,11.1,4.65,1,True
274,11,38,12.3,4.52,1,True
274,12,0,0.0,,0,False
275,1,30,11.1,4.76,0,True
275,2,33,10.1,4.21,0,True
275,3,30,9.4,4.87,0,True
275,4,28,10.0,4.88,1,True
275,5,28,8.6,4.43,1,True
275,6,0,0.0,,0,False
275,7,0,0.0,,0,False
275,8,0,0.0,,0,False
275,9,0,0.0,,0,False
275,10,0,0.0,,0,False
275,11,0,0.0,,0,False
275,12,0,0.0,,0,False
276,1,37,12.0,4.76,2,True
276,2,37,12.6,4.24,2,True
276,3,37,13.7,4.25,1,True
276,4,36,11.5,4.49,0,True
276,5,37,13.8,4.88,2,True
276,6,38,13.2,4.95,0,True
276,7,36,12.4,4.25,1,True
276,8,44,14.7,4.63,0,True
276,9,37,12.2,4.39,0,True
276,10,39,11.6,4.68,0,True
276,11,0,0.0,,0,False
276,12,0,0.0,,0,False
277,1,18,6.3,4.57,2,True
277,2,22,6.8,4.35,3,True
277,3,23,7.7,4.41,3,True
277,4,24,7.1,4.65,0,True
277,5,26,8.2,4.4,2,True
277,6,22,7.6,4.67,0,True
277,7,24,7.3,4.49,0,True
277,8,22,7.1,4.53,0,True
277,9,22,6.7,4.42,0,True
277,10,21,7.4,4.52,0,True
277,11,25,9.3,4.85,0,True
277,12,22,8.4,4.32,2,True
278,1,34,10.6,4.52,0,True
278,2,37,12.7,5.0,2,True
278,3,29,9.0,4.66,0,True
278,4,32,12.0,4.27,2,True
278,5,40,12.8,4.32,0,True
278,6,39,13.1,4.1,0,True
278,7,41,13.5,4.74,0,True
278,8,46,15.2,4.33,1,True
278,9,41,14.4,4.8,2,True
278,10,40,12.6,4.61,0,True
278,11,41,15.4,4.38,0,True
278,12,48,16.9,4.52,1,True
279,1,25,8.7,4.34,0,True
279,2,36,12.2,4.31,0,True
279,3,21,7.3,4.53,0,True
279,4,0,0.0,,0,False
279,5,0,0.0,,0,False
279,6,0,0.0,,0,False
279,7,0,0.0,,0,False
279,8,0,0.0,,0,False
279,9,0,0.0,,0,False
279,10,0,0.0,,0,False
279,11,0,0.0,,0,False
279,12,0,0.0,,0,False
280,1,27,9.6,4.39,1,True
280,2,29,10.5,4.6,2,True
280,3,28,10.0,4.66,0,True
280,4,24,9.1,4.84,0,True
280,5,0,0.0,,0,False
280,6,0,0.0,,0,False
280,7,0,0.0,,0,False
280,8,0,0.0,,0,False
280,9,0,0.0,,0,False
280,10,0,0.0,,0,False
280,11,0,0.0,,0,False
280,12,0,0.0,,0,False
281,1,18,6.9,4.62,2,True
281,2,21,7.2,4.69,0,True
281,3,18,5.6,4.99,1,True
281,4,26,8.2,4.77,1,True
281,5,18,5.8,4.48,0,True
281,6,28,10.4,4.73,0,True
281,7,24,8.1,4.83,0,True
281,8,16,5.9,4.22,1,True
281,9,20,7.4,4.59,2,True
281,10,20,7.2,4.83,0,True
281,11,21,6.7,4.4,2,True
281,12,24,7.8,4.33,0,True
282,1,30,9.2,4.22,0,True
282,2,35,10.5,4.82,1,True
282,3,32,10.8,4.18,0,True
282,4,32,11.6,5.0,0,True
282,5,39,12.6,4.68,2,True
282,6,33,11.7,4.79,1,True
282,7,30,9.5,4.56,1,True
282,8,37,12.3,4.58,1,True
282,9,36,11.0,4.26,0,True
282,10,38,13.9,4.41,0,True
282,11,30,9.2,4.85,1,True
282,12,29,10.7,4.69,4,True
283,1,15,5.0,4.67,0,True
283,2,13,4.0,4.41,0,True
283,3,12,4.1,4.28,2,True
283,4,22,6.6,4.8,1,True
283,5,13,4.4,4.97,1,True
283,6,13,4.3,4.51,0,True
283,7,16,4.8,4.64,1,True
283,8,16,5.3,4.97,2,True
283,9,18,5.6,4.73,0,True
283,10,0,0.0,,0,False
283,11,0,0.0,,0,False
283,12,0,0.0,,0,False
284,1,36,12.0,4.89,0,True
284,2,34,10.7,4.17,1,True
284,3,38,11.4,4.58,1,True
284,4,36,11.6,4.69,2,True
284,5,36,13.6,4.73,2,True
284,6,39,12.2,4.74,2,True
284,7,36,11.4,4.76,0,True
284,8,30,9.1,5.0,1,True
284,9,33,11.3,4.94,0,True
284,10,38,12.3,4.59,0,True
284,11,31,9.7,5.0,0,True
284,12,35,11.6,4.66,0,True
285,1,24,8.6,4.53,0,True
285,2,0,0.0,,0,False
285,3,0,0.0,,0,False
285,4,0,0.0,,0,False
285,5,0,0.0,,0,False
285,6,0,0.0,,0,False
285,7,0,0.0,,0,False
285,8,0,0.0,,0,False
285,9,0,0.0,,0,False
285,10,0,0.0,,0,False
285,11,0,0.0,,0,False
285,12,0,0.0,,0,False
286,1,31,10.9,4.41,0,True
286,2,31,10.8,4.38,0,True
286,3,26,9.8,4.69,0,True
286,4,27,8.1,4.57,0,True
286,5,39,14.8,4.66,3,True
286,6,29,8.8,4.83,0,True
286,7,25,8.3,4.66,0,True
286,8,30,9.8,4.54,0,True
286,9,26,9.5,4.2,0,True
286,10,25,9.5,4.61,3,True
286,11,0,0.0,,0,False
286,12,0,0.0,,0,False
287,1,28,10.5,4.77,0,True
287,2,30,10.5,4.51,0,True
287,3,31,9.6,4.41,0,True
287,4,24,7.4,4.94,0,True
287,5,27,10.1,4.47,1,True
287,6,30,9.1,4.85,2,True
287,7,29,8.6,4.63,1,True
287,8,30,9.0,4.43,0,True
287,9,31,11.1,4.37,1,True
287,10,28,9.8,4.5,1,True
287,11,30,9.6,4.09,0,True
287,12,30,8.9,4.68,0,True
288,1,34,12.2,4.64,1,True
288,2,36,11.9,4.93,1,True
288,3,39,14.3,4.82,3,True
288,4,37,13.3,4.58,0,True
288,5,38,11.4,4.59,0,True
288,6,33,12.5,4.62,0,True
288,7,34,11.5,4.44,0,True
288,8,30,10.4,4.26,2,True
288,9,35,11.7,4.66,0,True
288,10,35,13.4,4.35,0,True
288,11,34,12.3,4.57,2,True
288,12,41,13.5,4.46,0,True
289,1,28,10.7,4.81,2,True
289,2,25,9.2,4.93,0,True
289,3,0,0.0,,0,False
289,4,0,0.0,,0,False
289,5,0,0.0,,0,False
289,6,0,0.0,,0,False
289,7,0,0.0,,0,False
289,8,0,0.0,,0,False
289,9,0,0.0,,0,False
289,10,0,0.0,,0,False
289,11,0,0.0,,0,False
289,12,0,0.0,,0,False
290,1,29,9.7,4.38,2,True
290,2,0,0.0,,0,False
290,3,0,0.0,,0,False
290,4,0,0.0,,0,False
290,5,0,0.0,,0,False
290,6,0,0.0,,0,False
290,7,0,0.0,,0,False
290,8,0,0.0,,0,False
290,9,0,0.0,,0,False
290,10,0,0.0,,0,False
290,11,0,0.0,,0,False
290,12,0,0.0,,0,False
291,1,29,10.1,4.28,0,True
291,2,24,8.8,4.74,0,True
291,3,29,11.1,4.41,1,True
291,4,29,10.8,4.69,2,True
291,5,28,9.9,4.62,1,True
291,6,34,11.1,4.51,1,True
291,7,31,9.6,4.7,0,True
291,8,29,9.6,4.35,1,True
291,9,31,11.5,4.46,0,True
291,10,34,10.1,5.0,0,True
291,11,32,10.1,4.78,1,True
291,12,27,8.3,5.0,0,True
292,1,42,13.0,4.59,0,True
292,2,40,14.9,4.71,0,True
292,3,40,15.0,4.75,0,True
292,4,35,11.7,4.84,1,True
292,5,40,12.6,4.12,0,True
292,6,38,14.3,4.78,1,True
292,7,36,11.3,4.7,2,True
292,8,36,11.0,4.56,1,True
292,9,36,11.9,4.87,0,True
292,10,0,0.0,,0,False
292,11,0,0.0,,0,False
292,12,0,0.0,,0,False
293,1,30,9.4,4.54,0,True
293,2,33,11.2,4.7,0,True
293,3,36,13.1,4.78,2,True
293,4,37,12.1,4.36,2,True
293,5,29,10.3,3.97,0,True
293,6,43,14.1,4.64,2,True
293,7,38,11.5,4.57,1,True
293,8,38,12.9,4.64,1,True
293,9,37,11.5,4.41,2,True
293,10,41,15.0,4.35,0,True
293,11,33,10.7,4.33,0,True
293,12,42,14.3,4.27,0,True
294,1,31,10.4,4.78,0,True
294,2,29,9.5,4.72,2,True
294,3,33,11.1,4.67,1,True
294,4,0,0.0,,0,False
294,5,0,0.0,,0,False
294,6,0,0.0,,0,False
294,7,0,0.0,,0,False
294,8,0,0.0,,0,False
294,9,0,0.0,,0,False
294,10,0,0.0,,0,False
294,11,0,0.0,,0,False
294,12,0,0.0,,0,False
295,1,33,11.7,4.47,2,True
295,2,27,10.1,4.73,1,True
295,3,24,7.8,4.77,0,True
295,4,33,11.1,4.41,1,True
295,5,34,12.3,4.67,2,True
295,6,36,10.6,4.66,0,True
295,7,33,11.6,4.29,0,True
295,8,32,10.5,4.73,0,True
295,9,38,13.9,4.84,1,True
295,10,40,14.0,4.89,0,True
295,11,38,12.8,4.89,0,True
295,12,38,11.8,4.65,1,True
296,1,19,5.6,4.64,0,True
296,2,26,9.8,4.95,1,True
296,3,26,7.9,4.72,1,True
296,4,26,7.9,4.83,0,True
296,5,26,8.7,4.97,1,True
296,6,24,8.2,4.08,1,True
296,7,24,7.9,4.28,0,True
296,8,34,10.9,3.9,0,True
296,9,24,8.5,4.43,0,True
296,10,29,8.6,4.54,0,True
296,11,27,9.6,4.55,1,True
296,12,30,9.9,5.0,3,True
297,1,30,8.9,4.64,3,True
297,2,36,13.2,4.9,1,True
297,3,38,11.5,4.79,1,True
297,4,34,10.5,4.7,0,True
297,5,40,12.2,4.41,1,True
297,6,39,13.9,4.45,1,True
297,7,40,12.5,4.24,1,True
297,8,31,9.4,4.57,3,True
297,9,37,12.7,4.93,2,True
297,10,33,11.4,5.0,1,True
297,11,38,11.8,4.59,1,True
297,12,40,14.3,5.0,1,True
298,1,21,6.7,4.24,0,True
298,2,23,8.0,4.29,0,True
298,3,18,6.2,4.33,0,True
298,4,20,6.5,4.64,1,True
298,5,20,6.8,5.0,2,True
298,6,28,10.4,4.62,1,True
298,7,23,8.2,4.85,0,True
298,8,25,8.7,4.55,1,True
298,9,22,7.1,4.72,0,True
298,10,23,7.8,4.5,0,True
298,11,20,6.3,4.45,0,True
298,12,26,8.9,4.81,1,True
299,1,34,12.0,4.23,2,True
299,2,35,13.3,5.0,1,True
299,3,33,11.7,4.53,0,True
299,4,29,8.7,4.78,2,True
299,5,41,13.2,4.89,0,True
299,6,38,12.2,4.74,0,True
299,7,40,13.0,4.33,0,True
299,8,38,13.1,4.92,0,True
299,9,42,15.1,5.0,2,True
299,10,39,14.3,4.68,3,True
299,11,40,12.1,4.58,0,True
299,12,45,13.8,4.85,0,True
300,1,35,12.7,4.12,0,True
300,2,32,9.9,4.75,3,True
300,3,41,14.7,4.66,2,True
300,4,30,9.5,4.45,1,True
300,5,35,10.9,4.48,1,True
300,6,35,10.6,4.55,1,True
300,7,39,14.4,4.06,1,True
300,8,38,14.2,4.89,0,True
300,9,41,12.8,4.7,2,True
300,10,38,11.5,4.4,0,True
300,11,38,13.5,4.71,1,True
300,12,35,10.6,4.81,2,True
301,1,45,14.5,4.58,1,True
301,2,46,17.5,4.68,2,True
301,3,40,15.2,4.54,0,True
301,4,43,14.1,4.64,0,True
301,5,43,13.2,4.78,1,True
301,6,50,17.2,4.55,1,True
301,7,46,15.5,4.85,0,True
301,8,55,16.3,4.38,0,True
301,9,53,18.0,4.85,0,True
301,10,57,19.0,5.0,1,True
301,11,47,14.3,4.37,2,True
301,12,51,17.2,4.38,0,True
302,1,21,7.0,4.53,1,True
302,2,25,9.4,4.8,3,True
302,3,28,9.0,4.29,0,True
302,4,19,6.8,4.6,0,True
302,5,23,7.8,4.38,1,True
302,6,28,8.7,4.43,1,True
302,7,24,7.4,4.38,4,True
302,8,21,8.0,4.87,1,True
302,9,24,7.8,4.53,1,True
302,10,23,7.5,4.86,0,True
302,11,24,7.2,4.41,0,True
302,12,22,8.4,4.23,0,True
303,1,27,8.2,5.0,2,True
303,2,20,6.3,4.61,0,True
303,3,25,8.5,4.78,0,True
303,4,24,8.9,4.32,0,True
303,5,32,9.4,4.52,0,True
303,6,28,9.4,4.85,1,True
303,7,31,9.1,4.86,0,True
303,8,41,12.3,5.0,0,True
303,9,34,11.4,4.75,0,True
303,10,36,12.3,4.96,2,True
303,11,31,11.9,4.57,2,True
303,12,39,11.5,4.82,0,True
304,1,41,13.0,4.9,0,True
304,2,39,13.2,3.67,2,True
304,3,40,13.7,4.48,2,True
304,4,36,13.2,4.88,0,True
304,5,44,14.7,4.7,0,True
304,6,49,17.2,4.31,0,True
304,7,43,12.9,4.44,1,True
304,8,53,17.1,4.67,0,True
304,9,45,16.2,4.45,0,True
304,10,45,16.6,4.5,2,True
304,11,49,17.4,4.34,0,True
304,12,54,19.6,4.22,1,True
305,1,39,13.6,4.46,0,True
305,2,29,10.4,4.99,0,True
305,3,38,11.3,4.72,1,True
305,4,36,12.9,5.0,1,True
305,5,35,11.3,4.32,0,True
305,6,43,14.0,4.56,1,True
305,7,44,13.6,5.0,0,True
305,8,44,14.1,4.87,0,True
305,9,46,14.4,5.0,1,True
305,10,35,12.5,4.87,1,True
305,11,48,14.6,4.71,1,True
305,12,46,17.6,4.43,0,True
306,1,26,10.0,4.71,0,True
306,2,24,8.8,4.82,1,True
306,3,20,6.9,4.68,2,True
306,4,28,8.4,4.51,1,True
306,5,28,9.1,4.87,1,True
306,6,23,8.7,4.89,0,True
306,7,35,11.7,4.66,2,True
306,8,20,7.1,4.61,3,True
306,9,30,10.6,4.36,1,True
306,10,33,10.6,4.97,1,True
306,11,26,7.8,4.95,1,True
306,12,24,7.1,4.47,1,True
307,1,31,9.8,4.27,2,True
307,2,34,12.3,4.93,2,True
307,3,31,9.4,5.0,1,True
307,4,27,8.1,4.97,0,True
307,5,30,10.7,4.25,2,True
307,6,30,11.1,4.52,0,True
307,7,35,13.1,4.85,1,True
307,8,33,10.3,4.72,1,True
307,9,33,10.9,4.76,0,True
307,10,31,9.2,4.33,2,True
307,11,38,13.2,4.51,0,True
307,12,30,10.8,4.39,0,True
308,1,31,9.3,4.22,2,True
308,2,36,11.6,4.83,3,True
308,3,30,9.4,4.91,0,True
308,4,27,9.3,4.76,1,True
308,5,31,9.9,4.39,0,True
308,6,35,10.7,4.81,2,True
308,7,34,12.3,4.76,2,True
308,8,41,14.7,4.68,1,True
308,9,32,9.6,4.24,2,True
308,10,33,11.5,4.8,0,True
308,11,37,11.7,4.55,1,True
308,12,38,12.4,4.7,1,True
309,1,35,10.6,4.49,1,True
309,2,32,10.0,4.5,0,True
309,3,32,10.3,4.66,1,True
309,4,36,12.5,4.58,0,True
309,5,27,9.2,4.9,3,True
309,6,39,13.6,4.23,0,True
309,7,30,10.9,4.59,1,True
309,8,26,8.9,4.39,0,True
309,9,31,11.6,4.4,0,True
309,10,34,10.4,4.68,0,True
309,11,30,9.6,4.44,0,True
309,12,35,10.5,4.69,3,True
310,1,25,8.4,4.76,1,True
310,2,19,5.6,5.0,0,True
310,3,19,6.8,4.53,0,True
310,4,32,10.3,4.51,0,True
310,5,0,0.0,,0,False
310,6,0,0.0,,0,False
310,7,0,0.0,,0,False
310,8,0,0.0,,0,False
310,9,0,0.0,,0,False
310,10,0,0.0,,0,False
310,11,0,0.0,,0,False
310,12,0,0.0,,0,False
311,1,32,9.5,4.67,0,True
311,2,30,9.4,4.42,0,True
311,3,32,9.8,4.52,0,True
311,4,34,10.0,4.8,2,True
311,5,27,8.6,4.62,1,True
311,6,30,9.5,4.6,0,True
311,7,26,9.6,4.92,0,True
311,8,0,0.0,,0,False
311,9,0,0.0,,0,False
311,10,0,0.0,,0,False
311,11,0,0.0,,0,False
311,12,0,0.0,,0,False
312,1,25,7.8,5.0,0,True
312,2,22,8.2,4.98,2,True
312,3,31,11.9,4.35,1,True
312,4,21,6.9,4.32,0,True
312,5,21,7.0,4.49,1,True
312,6,30,9.2,4.74,1,True
312,7,25,7.6,4.28,0,True
312,8,22,7.3,4.66,0,True
312,9,23,7.9,4.39,2,True
312,10,23,7.3,4.44,0,True
312,11,22,6.9,4.56,1,True
312,12,17,5.7,4.5,1,True
313,1,30,9.8,4.76,1,True
313,2,29,9.1,4.8,0,True
313,3,35,11.3,4.49,2,True
313,4,34,10.8,4.56,2,True
313,5,0,0.0,,0,False
313,6,0,0.0,,0,False
313,7,0,0.0,,0,False
313,8,0,0.0,,0,False
313,9,0,0.0,,0,False
313,10,0,0.0,,0,False
313,11,0,0.0,,0,False
313,12,0,0.0,,0,False
314,1,28,8.6,4.42,0,True
314,2,32,9.7,4.58,3,True
314,3,38,11.6,4.51,1,True
314,4,37,10.9,4.85,1,True
314,5,31,10.0,4.94,0,True
314,6,33,12.5,4.42,1,True
314,7,34,13.0,5.0,1,True
314,8,35,10.8,4.29,0,True
314,9,34,10.1,4.71,1,True
314,10,32,10.1,4.61,0,True
314,11,32,11.2,4.48,0,True
314,12,29,9.6,4.38,0,True
315,1,33,10.1,4.77,1,True
315,2,29,10.0,4.34,0,True
315,3,34,10.2,4.44,1,True
315,4,24,7.8,4.71,0,True
315,5,21,8.0,4.55,1,True
315,6,31,9.4,5.0,1,True
315,7,23,7.1,4.79,2,True
315,8,30,9.2,4.53,0,True
315,9,29,10.8,4.61,1,True
315,10,27,9.3,4.37,1,True
315,11,30,9.7,4.39,0,True
315,12,36,12.0,4.16,0,True
316,1,19,6.9,4.35,0,True
316,2,22,7.7,4.7,0,True
316,3,16,5.9,4.49,1,True
316,4,21,7.6,4.97,1,True
316,5,23,7.6,4.86,2,True
316,6,31,9.3,4.82,0,True
316,7,22,7.3,4.71,0,True
316,8,25,7.4,4.65,1,True
316,9,28,9.1,4.55,0,True
316,10,24,7.8,4.96,1,True
316,11,27,9.1,4.67,0,True
316,12,23,6.9,4.79,2,True
317,1,40,12.3,4.68,2,True
317,2,37,11.2,4.61,1,True
317,3,30,9.3,4.59,0,True
317,4,34,11.5,4.73,0,True
317,5,35,12.6,4.1,0,True
317,6,43,16.2,4.32,0,True
317,7,37,11.5,4.44,2,True
317,8,34,12.8,5.0,1,True
317,9,37,11.6,4.27,0,True
317,10,38,11.9,4.79,1,True
317,11,38,13.3,4.98,0,True
317,12,33,9.8,5.0,1,True
318,1,36,12.5,4.82,0,True
318,2,31,9.7,4.78,0,True
318,3,0,0.0,,0,False
318,4,0,0.0,,0,False
318,5,0,0.0,,0,False
318,6,0,0.0,,0,False
318,7,0,0.0,,0,False
318,8,0,0.0,,0,False
318,9,0,0.0,,0,False
318,10,0,0.0,,0,False
318,11,0,0.0,,0,False
318,12,0,0.0,,0,False
319,1,22,8.2,4.28,2,True
319,2,22,7.7,4.8,0,True
319,3,27,8.2,4.48,0,True
319,4,30,9.5,4.38,0,True
319,5,31,10.4,4.51,1,True
319,6,30,9.8,4.39,0,True
319,7,30,10.2,4.59,1,True
319,8,30,10.4,4.61,1,True
319,9,25,8.4,4.93,1,True
319,10,26,8.5,4.66,1,True
319,11,28,9.8,4.24,1,True
319,12,0,0.0,,0,False
320,1,25,9.2,4.29,1,True
320,2,24,9.0,4.13,1,True
320,3,25,7.9,4.78,0,True
320,4,26,9.6,5.0,1,True
320,5,28,10.6,4.39,0,True
320,6,31,9.1,4.72,2,True
320,7,33,10.6,4.71,0,True
320,8,41,13.3,4.76,0,True
320,9,39,12.6,4.01,0,True
320,10,30,10.8,5.0,2,True
320,11,41,13.3,4.3,1,True
320,12,29,9.1,4.85,0,True
321,1,24,7.2,4.53,1,True
321,2,20,6.6,4.41,2,True
321,3,16,4.9,4.64,1,True
321,4,12,3.6,4.57,1,True
321,5,28,10.5,4.77,0,True
321,6,28,10.0,4.74,3,True
321,7,32,12.2,4.98,0,True
321,8,25,7.5,4.65,1,True
321,9,25,9.4,4.85,1,True
321,10,26,7.8,4.56,0,True
321,11,28,9.2,4.66,0,True
321,12,30,9.0,4.69,1,True
322,1,20,6.4,4.22,3,True
322,2,26,8.1,4.8,0,True
322,3,33,12.6,4.65,1,True
322,4,23,7.4,4.71,0,True
322,5,0,0.0,,0,False
322,6,0,0.0,,0,False
322,7,0,0.0,,0,False
322,8,0,0.0,,0,False
322,9,0,0.0,,0,False
322,10,0,0.0,,0,False
322,11,0,0.0,,0,False
322,12,0,0.0,,0,False
323,1,23,7.1,4.66,2,True
323,2,29,9.8,4.5,0,True
323,3,33,12.0,4.64,0,True
323,4,0,0.0,,0,False
323,5,0,0.0,,0,False
323,6,0,0.0,,0,False
323,7,0,0.0,,0,False
323,8,0,0.0,,0,False
323,9,0,0.0,,0,False
323,10,0,0.0,,0,False
323,11,0,0.0,,0,False
323,12,0,0.0,,0,False
324,1,36,13.1,4.86,1,True
324,2,0,0.0,,0,False
324,3,0,0.0,,0,False
324,4,0,0.0,,0,False
324,5,0,0.0,,0,False
324,6,0,0.0,,0,False
324,7,0,0.0,,0,False
324,8,0,0.0,,0,False
324,9,0,0.0,,0,False
324,10,0,0.0,,0,False
324,11,0,0.0,,0,False
324,12,0,0.0,,0,False
325,1,26,8.4,4.85,0,True
325,2,25,8.9,4.71,0,True
325,3,27,8.1,5.0,2,True
325,4,29,10.9,4.61,4,True
325,5,26,8.1,4.37,2,True
325,6,30,10.7,4.69,1,True
325,7,34,10.3,4.58,0,True
325,8,28,10.3,4.63,0,True
325,9,26,7.8,4.36,0,True
325,10,0,0.0,,0,False
325,11,0,0.0,,0,False
325,12,0,0.0,,0,False
326,1,33,9.8,4.78,0,True
326,2,31,11.3,4.51,3,True
326,3,33,11.0,4.04,1,True
326,4,34,10.5,4.18,0,True
326,5,40,14.9,4.66,1,True
326,6,37,12.2,4.62,1,True
326,7,34,10.9,4.51,2,True
326,8,39,13.4,4.51,1,True
326,9,41,15.6,4.35,0,True
326,10,45,13.9,5.0,0,True
326,11,40,14.5,4.55,0,True
326,12,0,0.0,,0,False
327,1,22,7.9,4.29,0,True
327,2,28,8.4,4.69,1,True
327,3,30,9.3,4.62,1,True
327,4,23,8.0,4.74,1,True
327,5,35,11.7,4.97,1,True
327,6,33,10.9,4.59,0,True
327,7,36,13.6,4.39,1,True
327,8,33,10.4,4.13,1,True
327,9,30,11.4,4.72,0,True
327,10,33,10.8,4.61,2,True
327,11,27,10.0,4.72,3,True
327,12,31,9.2,4.86,0,True
328,1,36,10.7,4.54,2,True
328,2,30,11.3,4.24,2,True
328,3,33,12.4,4.88,0,True
328,4,32,11.3,4.76,0,True
328,5,39,12.7,4.4,0,True
328,6,38,13.0,4.98,0,True
328,7,0,0.0,,0,False
328,8,0,0.0,,0,False
328,9,0,0.0,,0,False
328,10,0,0.0,,0,False
328,11,0,0.0,,0,False
328,12,0,0.0,,0,False
329,1,31,11.6,5.0,1,True
329,2,0,0.0,,0,False
329,3,0,0.0,,0,False
329,4,0,0.0,,0,False
329,5,0,0.0,,0,False
329,6,0,0.0,,0,False
329,7,0,0.0,,0,False
329,8,0,0.0,,0,False
329,9,0,0.0,,0,False
329,10,0,0.0,,0,False
329,11,0,0.0,,0,False
329,12,0,0.0,,0,False
330,1,31,9.4,4.59,0,True
330,2,41,14.7,4.61,0,True
330,3,34,12.5,4.64,0,True
330,4,37,11.5,4.69,0,True
330,5,41,12.7,4.45,1,True
330,6,37,12.2,4.58,3,True
330,7,37,12.5,3.96,0,True
330,8,33,9.7,4.62,1,True
330,9,36,11.3,4.35,1,True
330,10,36,13.5,4.23,1,True
330,11,34,11.6,4.6,0,True
330,12,34,11.5,4.66,0,True
331,1,29,10.4,4.43,1,True
331,2,34,12.0,4.39,0,True
331,3,25,8.4,4.29,0,True
331,4,27,9.9,4.74,2,True
331,5,28,10.5,4.67,0,True
331,6,31,10.3,4.7,1,True
331,7,32,11.1,4.52,0,True
331,8,0,0.0,,0,False
331,9,0,0.0,,0,False
331,10,0,0.0,,0,False
331,11,0,0.0,,0,False
331,12,0,0.0,,0,False
332,1,21,6.3,4.5,1,True
332,2,25,7.4,4.3,2,True
332,3,26,9.5,4.86,0,True
332,4,0,0.0,,0,False
332,5,0,0.0,,0,False
332,6,0,0.0,,0,False
332,7,0,0.0,,0,False
332,8,0,0.0,,0,False
332,9,0,0.0,,0,False
332,10,0,0.0,,0,False
332,11,0,0.0,,0,False
332,12,0,0.0,,0,False
333,1,26,8.7,4.41,0,True
333,2,21,6.8,4.81,0,True
333,3,25,9.0,4.55,0,True
333,4,22,7.4,4.46,2,True
333,5,24,7.4,4.79,0,True
333,6,26,8.6,4.45,1,True
333,7,31,9.2,4.49,0,True
333,8,25,9.4,5.0,1,True
333,9,30,9.1,4.08,1,True
333,10,30,8.8,4.26,0,True
333,11,30,11.2,4.53,0,True
333,12,29,9.1,4.5,0,True
334,1,28,8.5,4.5,1,True
334,2,26,8.0,4.34,0,True
334,3,24,7.9,4.21,2,True
334,4,25,7.9,4.34,1,True
334,5,37,11.4,4.4,1,True
334,6,31,10.2,4.36,1,True
334,7,27,10.2,4.46,0,True
334,8,34,11.0,4.07,0,True
334,9,34,11.6,4.38,0,True
334,10,36,11.1,4.46,1,True
334,11,39,14.4,4.89,0,True
334,12,26,8.6,4.76,1,True
335,1,25,8.1,4.79,0,True
335,2,23,6.8,4.88,0,True
335,3,28,9.3,4.32,0,True
335,4,28,10.6,4.01,0,True
335,5,23,7.9,4.97,0,True
335,6,22,6.8,4.81,1,True
335,7,25,7.6,4.4,0,True
335,8,27,9.5,4.54,2,True
335,9,0,0.0,,0,False
335,10,0,0.0,,0,False
335,11,0,0.0,,0,False
335,12,0,0.0,,0,False
336,1,36,11.2,4.61,1,True
336,2,31,9.4,4.2,0,True
336,3,33,10.5,4.51,0,True
336,4,31,11.7,4.67,2,True
336,5,38,13.4,4.36,0,True
336,6,37,11.2,4.52,2,True
336,7,39,11.6,4.74,0,True
336,8,36,12.2,4.76,2,True
336,9,40,11.8,4.76,2,True
336,10,37,13.1,4.42,0,True
336,11,42,12.8,4.81,2,True
336,12,45,14.6,4.84,1,True
337,1,27,8.6,4.36,0,True
337,2,30,9.4,4.54,2,True
337,3,28,8.3,4.72,1,True
337,4,29,9.3,4.83,0,True
337,5,26,8.2,5.0,0,True
337,6,24,7.4,4.88,1,True
337,7,29,10.6,4.73,0,True
337,8,31,10.9,4.6,0,True
337,9,32,10.6,4.63,0,True
337,10,28,8.3,4.54,2,True
337,11,28,8.4,4.89,2,True
337,12,31,10.1,4.97,1,True
338,1,39,12.0,4.23,0,True
338,2,37,13.8,4.17,0,True
338,3,37,13.7,4.6,1,True
338,4,42,13.0,4.89,1,True
338,5,47,15.6,4.59,0,True
338,6,44,13.2,4.99,3,True
338,7,53,18.3,4.42,0,True
338,8,54,16.5,4.26,0,True
338,9,51,15.3,4.1,1,True
338,10,52,15.3,4.95,2,True
338,11,50,16.1,4.78,1,True
338,12,54,17.7,4.42,1,True
339,1,14,4.9,4.89,1,True
339,2,18,5.6,4.23,0,True
339,3,21,6.5,4.59,2,True
339,4,18,5.9,4.65,1,True
339,5,20,6.0,4.36,3,True
339,6,20,6.5,5.0,0,True
339,7,14,4.7,4.44,0,True
339,8,25,9.5,4.2,0,True
339,9,14,5.1,4.42,2,True
339,10,13,4.1,4.7,0,True
339,11,20,7.3,4.6,1,True
339,12,22,8.2,4.81,2,True
340,1,30,9.1,4.32,0,True
340,2,31,9.7,4.69,1,True
340,3,28,9.5,4.33,2,True
340,4,24,9.0,4.68,0,True
340,5,37,12.3,4.3,0,True
340,6,35,11.4,4.62,0,True
340,7,43,14.9,4.71,2,True
340,8,31,11.8,4.75,1,True
340,9,37,14.1,4.8,1,True
340,10,37,13.8,4.2,1,True
340,11,35,11.6,4.26,0,True
340,12,39,12.7,4.34,0,True
341,1,21,6.3,4.66,1,True
341,2,22,8.2,4.98,1,True
341,3,21,6.5,5.0,0,True
341,4,25,8.9,4.59,1,True
341,5,0,0.0,,0,False
341,6,0,0.0,,0,False
341,7,0,0.0,,0,False
341,8,0,0.0,,0,False
341,9,0,0.0,,0,False
341,10,0,0.0,,0,False
341,11,0,0.0,,0,False
341,12,0,0.0,,0,False
342,1,25,8.1,4.71,0,True
342,2,31,11.2,4.38,0,True
342,3,20,7.4,4.83,2,True
342,4,33,11.7,4.93,1,True
342,5,27,8.4,4.73,1,True
342,6,28,8.6,4.78,1,True
342,7,37,12.1,4.78,0,True
342,8,35,11.6,4.78,0,True
342,9,22,8.0,4.48,2,True
342,10,35,11.7,4.68,0,True
342,11,34,10.2,4.72,0,True
342,12,27,10.3,4.33,2,True
343,1,33,10.0,4.96,2,True
343,2,32,9.5,4.43,1,True
343,3,26,7.8,4.65,2,True
343,4,28,8.4,4.73,3,True
343,5,34,11.9,4.42,0,True
343,6,38,13.0,4.51,0,True
343,7,0,0.0,,0,False
343,8,0,0.0,,0,False
343,9,0,0.0,,0,False
343,10,0,0.0,,0,False
343,11,0,0.0,,0,False
343,12,0,0.0,,0,False
344,1,15,4.4,4.19,0,True
344,2,15,5.7,4.6,1,True
344,3,18,6.1,4.56,3,True
344,4,16,4.8,4.47,1,True
344,5,0,0.0,,0,False
344,6,0,0.0,,0,False
344,7,0,0.0,,0,False
344,8,0,0.0,,0,False
344,9,0,0.0,,0,False
344,10,0,0.0,,0,False
344,11,0,0.0,,0,False
344,12,0,0.0,,0,False
345,1,33,12.1,4.06,1,True
345,2,34,10.7,4.56,0,True
345,3,34,12.6,5.0,1,True
345,4,31,9.6,4.68,1,True
345,5,33,12.0,3.98,0,True
345,6,38,13.0,4.54,0,True
345,7,38,12.0,4.78,0,True
345,8,41,14.6,4.32,1,True
345,9,44,13.0,5.0,2,True
345,10,38,14.5,4.61,0,True
345,11,40,12.6,4.64,0,True
345,12,44,13.2,4.65,0,True
346,1,42,12.7,4.02,0,True
346,2,39,11.9,4.58,0,True
346,3,42,12.5,4.09,1,True
346,4,42,15.4,4.87,2,True
346,5,48,16.7,4.21,2,True
346,6,47,14.5,5.0,0,True
346,7,50,18.0,4.5,2,True
346,8,49,14.7,4.75,1,True
346,9,48,18.4,4.65,1,True
346,10,49,18.6,4.16,1,True
346,11,49,17.4,4.44,2,True
346,12,46,15.3,4.83,0,True
347,1,29,10.4,4.72,1,True
347,2,28,9.2,4.21,1,True
347,3,31,9.5,4.16,1,True
347,4,25,8.8,4.84,0,True
347,5,32,10.4,4.1,0,True
347,6,30,8.9,5.0,0,True
347,7,32,10.3,4.43,0,True
347,8,35,12.9,4.38,0,True
347,9,30,11.0,4.76,0,True
347,10,37,12.7,4.25,1,True
347,11,32,11.8,4.55,0,True
347,12,36,11.5,4.65,1,True
348,1,42,13.9,4.45,1,True
348,2,30,9.6,4.87,2,True
348,3,29,9.7,4.56,0,True
348,4,32,12.1,4.95,1,True
348,5,35,10.5,4.83,1,True
348,6,35,10.8,4.41,1,True
348,7,34,11.6,5.0,2,True
348,8,30,10.5,4.48,0,True
348,9,33,11.5,4.6,3,True
348,10,23,6.9,4.81,3,True
348,11,33,11.4,4.92,1,True
348,12,31,11.4,4.85,0,True
349,1,39,12.2,4.3,1,True
349,2,32,9.8,4.32,0,True
349,3,35,11.9,4.31,0,True
349,4,32,9.9,4.65,2,True
349,5,43,15.2,4.45,1,True
349,6,39,11.7,5.0,0,True
349,7,44,16.6,4.54,1,True
349,8,42,14.7,4.45,0,True
349,9,45,13.8,4.79,2,True
349,10,46,16.7,4.86,0,True
349,11,45,13.5,4.48,0,True
349,12,48,17.9,4.23,0,True
350,1,26,8.6,4.97,1,True
350,2,29,8.9,4.66,1,True
350,3,32,11.3,4.26,0,True
350,4,29,10.4,5.0,1,True
350,5,29,9.2,4.73,0,True
350,6,27,8.0,4.82,3,True
350,7,25,7.7,4.64,0,True
350,8,31,10.2,4.22,0,True
350,9,34,12.0,4.1,0,True
350,10,31,11.2,4.64,0,True
350,11,30,9.7,4.66,0,True
350,12,28,8.4,4.45,1,True
351,1,30,9.5,4.46,1,True
351,2,28,8.7,4.57,2,True
351,3,25,8.8,4.63,0,True
351,4,29,10.3,4.79,1,True
351,5,30,10.3,4.05,1,True
351,6,32,11.8,4.67,0,True
351,7,39,14.3,4.43,1,True
351,8,27,8.1,4.86,2,True
351,9,31,9.4,4.22,0,True
351,10,40,13.3,4.26,2,True
351,11,29,10.3,4.76,0,True
351,12,36,13.0,4.52,0,True
352,1,16,4.7,4.55,2,True
352,2,21,6.6,4.87,0,True
352,3,15,4.7,4.34,0,True
352,4,8,2.5,4.6,0,True
352,5,19,7.1,4.46,1,True
352,6,21,6.2,4.91,1,True
352,7,17,5.3,5.0,0,True
352,8,21,7.4,4.01,1,True
352,9,16,5.2,4.94,3,True
352,10,14,4.6,4.65,1,True
352,11,13,4.7,4.22,0,True
352,12,14,4.3,4.69,3,True
353,1,35,12.2,4.64,1,True
353,2,39,12.4,4.77,1,True
353,3,31,9.8,4.74,0,True
353,4,38,11.5,4.35,0,True
353,5,39,13.8,4.58,0,True
353,6,42,13.6,4.68,0,True
353,7,36,10.7,4.79,1,True
353,8,44,15.6,4.66,1,True
353,9,39,12.7,4.56,0,True
353,10,39,12.6,4.63,2,True
353,11,35,11.9,4.32,2,True
353,12,37,13.5,4.75,0,True
354,1,27,9.8,4.52,3,True
354,2,25,8.5,4.9,2,True
354,3,36,13.3,4.35,0,True
354,4,29,9.3,4.39,0,True
354,5,31,9.4,4.35,1,True
354,6,34,11.4,4.59,1,True
354,7,35,10.3,4.52,1,True
354,8,37,11.4,4.89,0,True
354,9,36,12.7,4.71,0,True
354,10,32,10.3,4.99,0,True
354,11,36,12.3,4.63,2,True
354,12,38,11.9,4.55,1,True
355,1,19,5.6,4.69,0,True
355,2,19,6.6,4.75,0,True
355,3,19,6.5,4.59,1,True
355,4,25,8.5,4.85,0,True
355,5,26,9.3,4.59,1,True
355,6,26,7.7,4.52,0,True
355,7,23,7.2,4.33,0,True
355,8,24,7.5,4.59,0,True
355,9,23,7.3,4.52,2,True
355,10,18,6.4,4.5,1,True
355,11,29,9.4,4.59,1,True
355,12,23,8.1,4.59,1,True
356,1,31,10.4,4.72,0,True
356,2,29,9.9,4.89,1,True
356,3,31,11.4,4.42,2,True
356,4,31,9.5,4.43,3,True
356,5,31,10.2,4.29,1,True
356,6,34,10.9,4.56,0,True
356,7,35,11.5,4.55,2,True
356,8,37,12.1,4.88,2,True
356,9,34,11.5,5.0,2,True
356,10,37,12.0,4.81,0,True
356,11,37,13.2,4.59,0,True
356,12,33,12.0,4.51,1,True
357,1,26,9.3,5.0,1,True
357,2,22,7.5,4.45,3,True
357,3,18,6.6,4.72,0,True
357,4,28,8.6,4.6,0,True
357,5,29,8.9,4.39,1,True
357,6,33,10.0,4.47,1,True
357,7,29,9.9,4.52,1,True
357,8,37,12.6,4.9,2,True
357,9,33,10.9,4.59,1,True
357,10,36,11.4,4.75,1,True
357,11,32,11.6,4.54,0,True
357,12,37,11.9,5.0,2,True
358,1,28,9.0,4.49,0,True
358,2,30,9.8,4.69,1,True
358,3,27,8.5,4.74,2,True
358,4,24,8.6,4.6,0,True
358,5,33,11.3,4.97,1,True
358,6,31,11.0,4.51,1,True
358,7,34,11.3,4.9,1,True
358,8,30,9.5,4.45,0,True
358,9,31,10.7,4.6,1,True
358,10,31,9.5,4.47,0,True
358,11,36,10.6,4.9,1,True
358,12,33,12.6,4.57,0,True
359,1,41,15.0,4.44,0,True
359,2,26,9.9,4.49,1,True
359,3,27,8.8,4.67,1,True
359,4,37,14.1,4.87,1,True
359,5,28,8.9,4.95,1,True
359,6,29,8.8,4.51,1,True
359,7,32,10.2,4.43,1,True
359,8,36,12.0,4.87,1,True
359,9,0,0.0,,0,False
359,10,0,0.0,,0,False
359,11,0,0.0,,0,False
359,12,0,0.0,,0,False
360,1,26,8.2,4.51,0,True
360,2,24,7.4,4.24,0,True
360,3,21,7.4,4.77,0,True
360,4,24,8.6,4.59,2,True
360,5,31,9.9,4.46,1,True
360,6,29,10.1,4.33,0,True
360,7,31,9.7,4.4,3,True
360,8,25,7.9,4.63,3,True
360,9,30,10.5,4.85,0,True
360,10,22,7.5,4.92,1,True
360,11,24,8.0,4.78,0,True
360,12,24,7.8,4.48,1,True
361,1,32,11.2,4.28,0,True
361,2,35,12.6,4.77,1,True
361,3,40,13.7,4.82,0,True
361,4,38,14.0,4.56,1,True
361,5,37,13.8,4.66,1,True
361,6,43,14.3,5.0,0,True
361,7,43,14.2,4.91,2,True
361,8,48,16.7,4.49,1,True
361,9,42,15.2,4.48,1,True
361,10,50,16.2,4.25,4,True
361,11,38,13.8,4.27,2,True
361,12,46,15.9,4.44,1,True
362,1,20,7.6,4.5,1,True
362,2,22,7.9,4.65,0,True
362,3,21,6.7,4.66,3,True
362,4,22,7.7,4.55,0,True
362,5,22,6.8,4.55,0,True
362,6,18,5.7,4.59,0,True
362,7,16,6.0,4.47,1,True
362,8,23,8.3,4.71,2,True
362,9,21,6.8,4.49,0,True
362,10,27,8.5,4.65,1,True
362,11,20,6.4,4.65,2,True
362,12,25,9.3,4.91,1,True
363,1,31,10.4,5.0,3,True
363,2,23,7.9,4.59,3,True
363,3,24,8.1,4.6,1,True
363,4,30,9.3,4.21,1,True
363,5,28,9.0,4.76,1,True
363,6,28,8.3,4.23,2,True
363,7,30,10.4,4.78,0,True
363,8,25,7.9,4.57,0,True
363,9,25,9.4,4.48,0,True
363,10,31,11.0,4.48,0,True
363,11,26,8.1,4.67,0,True
363,12,26,9.7,4.45,0,True
364,1,36,11.4,4.36,0,True
364,2,40,14.8,4.88,0,True
364,3,43,16.1,5.0,1,True
364,4,42,14.9,4.46,2,True
364,5,41,14.2,4.74,0,True
364,6,40,12.6,5.0,1,True
364,7,30,10.3,4.57,1,True
364,8,39,13.3,4.59,2,True
364,9,41,14.5,4.56,0,True
364,10,41,14.4,4.54,0,True
364,11,40,12.5,4.94,1,True
364,12,40,12.0,4.51,0,True
365,1,37,12.0,4.81,0,True
365,2,34,12.0,4.6,2,True
365,3,43,15.2,5.0,0,True
365,4,32,11.5,4.75,0,True
365,5,41,15.1,4.47,2,True
365,6,44,13.5,4.48,1,True
365,7,47,14.4,4.73,2,True
365,8,47,17.2,4.53,0,True
365,9,44,15.5,4.69,0,True
365,10,41,12.2,4.57,1,True
365,11,45,13.6,4.67,1,True
365,12,48,17.1,4.77,2,True
366,1,32,9.5,4.68,1,True
366,2,26,7.9,5.0,0,True
366,3,29,9.9,4.83,0,True
366,4,30,9.9,4.91,1,True
366,5,35,10.9,4.7,0,True
366,6,35,10.7,5.0,1,True
366,7,30,11.0,4.35,0,True
366,8,26,9.8,4.28,2,True
366,9,30,10.3,4.6,2,True
366,10,0,0.0,,0,False
366,11,0,0.0,,0,False
366,12,0,0.0,,0,False
367,1,25,9.3,4.52,1,True
367,2,22,7.3,4.77,1,True
367,3,21,7.0,4.41,1,True
367,4,25,8.9,4.76,1,True
367,5,23,8.6,4.51,1,True
367,6,27,8.9,4.67,0,True
367,7,33,10.3,4.73,1,True
367,8,26,10.0,4.54,0,True
367,9,32,11.5,4.36,0,True
367,10,29,8.9,4.49,1,True
367,11,30,10.6,4.44,3,True
367,12,32,9.6,4.77,0,True
368,1,23,7.8,4.67,2,True
368,2,22,7.1,4.78,0,True
368,3,23,8.7,4.73,0,True
368,4,23,7.8,4.64,1,True
368,5,31,10.5,4.44,0,True
368,6,39,11.8,4.67,1,True
368,7,38,13.1,5.0,2,True
368,8,33,10.2,4.78,0,True
368,9,30,9.4,4.29,0,True
368,10,33,9.8,4.35,0,True
368,11,30,11.2,4.7,0,True
368,12,32,10.1,4.61,0,True
369,1,29,9.5,4.78,0,True
369,2,0,0.0,,0,False
369,3,0,0.0,,0,False
369,4,0,0.0,,0,False
369,5,0,0.0,,0,False
369,6,0,0.0,,0,False
369,7,0,0.0,,0,False
369,8,0,0.0,,0,False
369,9,0,0.0,,0,False
369,10,0,0.0,,0,False
369,11,0,0.0,,0,False
369,12,0,0.0,,0,False
370,1,28,10.3,4.49,0,True
370,2,39,12.7,4.19,0,True
370,3,32,11.5,4.47,1,True
370,4,29,10.1,4.85,0,True
370,5,34,10.4,4.94,2,True
370,6,35,10.3,4.49,0,True
370,7,40,14.5,4.64,1,True
370,8,33,11.7,4.8,1,True
370,9,42,15.6,4.56,0,True
370,10,32,11.9,4.67,0,True
370,11,38,12.1,4.76,1,True
370,12,41,12.7,4.45,0,True
371,1,32,9.7,4.39,1,True
371,2,30,10.4,4.64,0,True
371,3,36,11.8,4.92,2,True
371,4,29,9.4,4.25,2,True
371,5,32,9.9,4.72,0,True
371,6,30,8.9,4.73,3,True
371,7,38,12.3,4.99,0,True
371,8,38,12.9,4.27,2,True
371,9,39,13.8,4.72,0,True
371,10,38,14.5,4.59,1,True
371,11,46,14.0,4.63,1,True
371,12,39,14.6,4.83,1,True
372,1,35,11.8,4.59,1,True
372,2,24,8.2,4.9,1,True
372,3,32,11.6,4.53,0,True
372,4,33,9.8,4.69,1,True
372,5,30,10.2,4.4,3,True
372,6,27,8.2,4.18,0,True
372,7,34,10.6,4.36,0,True
372,8,29,9.9,4.52,0,True
372,9,35,12.8,4.63,2,True
372,10,30,10.6,4.79,2,True
372,11,0,0.0,,0,False
372,12,0,0.0,,0,False
373,1,33,12.6,4.18,0,True
373,2,0,0.0,,0,False
373,3,0,0.0,,0,False
373,4,0,0.0,,0,False
373,5,0,0.0,,0,False
373,6,0,0.0,,0,False
373,7,0,0.0,,0,False
373,8,0,0.0,,0,False
373,9,0,0.0,,0,False
373,10,0,0.0,,0,False
373,11,0,0.0,,0,False
373,12,0,0.0,,0,False
374,1,19,6.8,4.64,2,True
374,2,19,6.0,4.41,1,True
374,3,0,0.0,,0,False
374,4,0,0.0,,0,False
374,5,0,0.0,,0,False
374,6,0,0.0,,0,False
374,7,0,0.0,,0,False
374,8,0,0.0,,0,False
374,9,0,0.0,,0,False
374,10,0,0.0,,0,False
374,11,0,0.0,,0,False
374,12,0,0.0,,0,False
375,1,34,10.8,4.77,0,True
375,2,29,9.2,4.33,0,True
375,3,23,7.3,4.75,1,True
375,4,29,10.5,4.92,1,True
375,5,27,8.6,4.52,1,True
375,6,19,6.5,5.0,1,True
375,7,33,10.8,4.38,1,True
375,8,27,8.8,4.45,0,True
375,9,22,8.1,4.76,2,True
375,10,25,8.8,4.78,0,True
375,11,26,8.7,4.73,1,True
375,12,29,10.5,5.0,0,True
376,1,33,11.5,4.49,1,True
376,2,34,10.1,4.37,0,True
376,3,40,12.2,4.12,0,True
376,4,36,12.6,4.86,0,True
376,5,32,11.6,4.71,1,True
376,6,33,12.5,4.52,1,True
376,7,38,13.5,5.0,1,True
376,8,34,10.2,4.36,0,True
376,9,34,12.8,4.56,0,True
376,10,31,10.7,4.82,0,True
376,11,39,12.7,4.42,2,True
376,12,32,12.3,4.78,0,True
377,1,22,7.2,4.77,0,True
377,2,18,6.9,4.87,1,True
377,3,26,8.9,4.82,1,True
377,4,24,8.3,4.56,0,True
377,5,24,7.9,4.79,1,True
377,6,26,7.8,4.7,1,True
377,7,29,10.6,4.72,0,True
377,8,31,10.4,4.7,2,True
377,9,25,8.3,4.56,0,True
377,10,25,9.5,4.84,0,True
377,11,20,7.0,4.37,0,True
377,12,32,10.8,4.37,1,True
378,1,25,8.1,4.75,2,True
378,2,31,10.3,4.61,1,True
378,3,31,9.5,4.7,2,True
378,4,29,9.8,4.95,1,True
378,5,32,11.8,4.58,0,True
378,6,31,10.1,4.58,2,True
378,7,31,11.2,4.22,2,True
378,8,32,11.0,4.33,3,True
378,9,32,11.3,4.31,0,True
378,10,33,10.2,4.6,0,True
378,11,23,7.1,4.64,1,True
378,12,28,9.0,4.74,0,True
379,1,22,7.7,4.38,0,True
379,2,22,8.4,4.88,1,True
379,3,30,11.4,4.91,0,True
379,4,26,7.7,4.51,0,True
379,5,22,7.1,4.55,0,True
379,6,24,7.4,4.29,1,True
379,7,25,9.0,4.44,0,True
379,8,29,8.8,4.9,1,True
379,9,23,8.2,4.3,1,True
379,10,22,6.8,4.51,2,True
379,11,20,6.6,4.77,0,True
379,12,27,9.5,4.37,1,True
380,1,32,11.3,4.74,0,True
380,2,30,9.3,4.96,0,True
380,3,0,0.0,,0,False
380,4,0,0.0,,0,False
380,5,0,0.0,,0,False
380,6,0,0.0,,0,False
380,7,0,0.0,,0,False
380,8,0,0.0,,0,False
380,9,0,0.0,,0,False
380,10,0,0.0,,0,False
380,11,0,0.0,,0,False
380,12,0,0.0,,0,False
381,1,25,8.0,4.92,1,True
381,2,27,8.0,5.0,1,True
381,3,29,10.1,5.0,0,True
381,4,28,9.7,4.59,1,True
381,5,33,10.2,4.8,0,True
381,6,36,11.4,4.71,1,True
381,7,31,10.9,4.6,0,True
381,8,0,0.0,,0,False
381,9,0,0.0,,0,False
381,10,0,0.0,,0,False
381,11,0,0.0,,0,False
381,12,0,0.0,,0,False
382,1,41,15.2,4.24,0,True
382,2,36,12.1,4.8,0,True
382,3,37,13.3,4.29,1,True
382,4,37,11.6,5.0,0,True
382,5,42,15.8,4.62,1,True
382,6,45,14.6,4.52,1,True
382,7,46,16.0,4.65,0,True
382,8,45,13.6,5.0,1,True
382,9,47,16.1,4.61,1,True
382,10,45,15.4,4.64,1,True
382,11,44,16.6,4.86,0,True
382,12,52,19.5,4.68,0,True
383,1,33,10.1,4.48,0,True
383,2,32,9.8,4.56,0,True
383,3,40,14.5,4.61,0,True
383,4,30,9.2,4.68,0,True
383,5,36,10.9,4.6,2,True
383,6,41,14.4,4.46,0,True
383,7,32,12.1,4.1,1,True
383,8,33,11.9,4.13,1,True
383,9,41,14.4,4.51,0,True
383,10,44,15.9,4.68,0,True
383,11,41,15.3,4.54,0,True
383,12,41,12.1,4.57,2,True
384,1,24,8.9,4.25,2,True
384,2,27,9.4,4.55,0,True
384,3,23,7.0,4.62,0,True
384,4,25,8.4,4.27,0,True
384,5,27,8.4,5.0,0,True
384,6,23,8.1,3.98,1,True
384,7,20,7.7,4.63,0,True
384,8,26,7.9,4.47,1,True
384,9,19,6.0,4.63,0,True
384,10,22,7.7,4.42,2,True
384,11,24,9.1,4.63,0,True
384,12,22,7.3,4.76,1,True
385,1,40,13.3,4.46,1,True
385,2,27,9.8,4.67,2,True
385,3,40,13.8,4.71,1,True
385,4,36,12.9,4.56,0,True
385,5,37,11.0,4.16,1,True
385,6,35,10.8,4.82,0,True
385,7,37,11.9,4.66,0,True
385,8,31,11.2,4.38,1,True
385,9,36,13.1,4.38,1,True
385,10,35,13.1,4.69,0,True
385,11,33,10.8,4.39,1,True
385,12,32,9.6,4.72,0,True
386,1,26,9.3,4.5,1,True
386,2,24,8.8,5.0,1,True
386,3,32,9.6,4.85,2,True
386,4,20,6.7,4.82,0,True
386,5,26,9.5,4.58,1,True
386,6,31,10.6,5.0,2,True
386,7,28,8.4,3.93,2,True
386,8,27,10.0,4.52,2,True
386,9,30,11.1,4.94,0,True
386,10,34,12.6,4.7,1,True
386,11,28,8.9,4.98,0,True
386,12,30,11.1,4.66,0,True
387,1,32,10.8,4.73,0,True
387,2,27,8.5,4.38,0,True
387,3,21,7.3,4.87,0,True
387,4,21,6.4,4.57,0,True
387,5,30,9.3,4.57,1,True
387,6,29,8.7,4.74,0,True
387,7,35,11.2,4.94,0,True
387,8,35,11.7,4.68,0,True
387,9,37,11.1,4.38,0,True
387,10,30,10.3,4.94,0,True
387,11,29,9.7,4.34,5,True
387,12,35,10.7,4.34,2,True
388,1,29,9.8,4.44,0,True
388,2,29,8.7,4.73,1,True
388,3,37,12.1,4.68,1,True
388,4,34,12.0,4.45,0,True
388,5,32,11.1,4.99,3,True
388,6,33,11.1,4.62,2,True
388,7,38,13.6,4.82,1,True
388,8,0,0.0,,0,False
388,9,0,0.0,,0,False
388,10,0,0.0,,0,False
388,11,0,0.0,,0,False
388,12,0,0.0,,0,False
389,1,27,8.1,4.53,0,True
389,2,24,7.6,4.38,3,True
389,3,0,0.0,,0,False
389,4,0,0.0,,0,False
389,5,0,0.0,,0,False
389,6,0,0.0,,0,False
389,7,0,0.0,,0,False
389,8,0,0.0,,0,False
389,9,0,0.0,,0,False
389,10,0,0.0,,0,False
389,11,0,0.0,,0,False
389,12,0,0.0,,0,False
390,1,33,10.3,5.0,0,True
390,2,38,11.4,4.57,1,True
390,3,34,10.3,4.84,0,True
390,4,37,12.0,4.79,1,True
390,5,37,13.1,4.23,0,True
390,6,44,14.0,4.55,0,True
390,7,41,15.6,4.78,1,True
390,8,0,0.0,,0,False
390,9,0,0.0,,0,False
390,10,0,0.0,,0,False
390,11,0,0.0,,0,False
390,12,0,0.0,,0,False
391,1,19,7.0,4.5,1,True
391,2,22,7.1,4.11,1,True
391,3,24,8.7,4.57,1,True
391,4,22,7.9,5.0,0,True
391,5,26,8.0,4.56,0,True
391,6,25,8.3,3.72,0,True
391,7,28,9.3,4.86,2,True
391,8,33,10.4,4.95,0,True
391,9,25,8.2,4.12,0,True
391,10,33,11.8,4.72,0,True
391,11,31,11.7,4.71,2,True
391,12,30,10.4,4.52,0,True
392,1,21,7.8,4.61,1,True
392,2,26,8.2,4.4,1,True
392,3,29,10.0,4.81,1,True
392,4,26,9.3,4.56,0,True
392,5,24,7.5,4.42,3,True
392,6,21,6.8,4.59,1,True
392,7,21,6.7,4.84,0,True
392,8,29,9.9,4.87,1,True
392,9,22,7.0,4.44,0,True
392,10,25,7.9,4.51,3,True
392,11,28,9.2,4.65,0,True
392,12,21,6.6,4.98,0,True
393,1,26,9.6,4.32,1,True
393,2,27,9.4,4.23,2,True
393,3,32,10.6,4.4,2,True
393,4,28,9.1,4.71,1,True
393,5,35,12.8,4.92,1,True
393,6,28,8.5,4.4,0,True
393,7,35,13.0,4.38,0,True
393,8,27,10.4,4.57,0,True
393,9,34,10.4,4.5,0,True
393,10,31,10.1,4.59,0,True
393,11,36,11.3,4.24,0,True
393,12,32,11.6,4.65,1,True
394,1,27,8.2,4.89,0,True
394,2,20,6.6,4.38,1,True
394,3,25,7.7,4.66,0,True
394,4,25,8.8,4.75,0,True
394,5,32,10.3,4.62,0,True
394,6,30,9.4,4.64,4,True
394,7,43,15.6,4.3,0,True
394,8,37,12.8,4.59,2,True
394,9,29,8.7,4.13,1,True
394,10,33,11.0,4.99,0,True
394,11,0,0.0,,0,False
394,12,0,0.0,,0,False
395,1,42,15.0,4.61,0,True
395,2,34,12.4,4.71,0,True
395,3,33,12.2,4.83,0,True
395,4,37,14.2,4.86,1,True
395,5,35,11.6,4.94,1,True
395,6,34,10.2,4.4,1,True
395,7,40,12.0,4.87,1,True
395,8,44,14.1,4.59,2,True
395,9,42,15.4,4.9,0,True
395,10,33,10.3,4.81,2,True
395,11,37,13.3,4.59,4,True
395,12,38,13.7,4.68,0,True
396,1,31,9.4,4.49,1,True
396,2,35,10.9,4.64,0,True
396,3,32,11.8,4.88,0,True
396,4,33,12.5,4.86,0,True
396,5,38,13.3,4.41,1,True
396,6,37,14.2,4.49,1,True
396,7,33,12.7,4.99,0,True
396,8,27,9.1,4.7,2,True
396,9,35,11.0,4.96,1,True
396,10,34,11.8,4.12,0,True
396,11,28,10.4,4.7,1,True
396,12,34,11.0,4.64,0,True
397,1,40,14.5,4.63,1,True
397,2,42,16.0,4.7,1,True
397,3,36,10.8,4.58,0,True
397,4,46,17.0,4.6,1,True
397,5,44,14.6,5.0,1,True
397,6,45,17.1,4.28,1,True
397,7,45,17.3,4.65,1,True
397,8,44,13.0,4.43,0,True
397,9,48,17.6,4.37,1,True
397,10,50,15.2,4.78,0,True
397,11,46,17.1,4.32,2,True
397,12,52,16.4,4.43,2,True
398,1,44,16.8,4.72,1,True
398,2,50,15.2,4.8,0,True
398,3,41,13.1,4.05,0,True
398,4,0,0.0,,0,False
398,5,0,0.0,,0,False
398,6,0,0.0,,0,False
398,7,0,0.0,,0,False
398,8,0,0.0,,0,False
398,9,0,0.0,,0,False
398,10,0,0.0,,0,False
398,11,0,0.0,,0,False
398,12,0,0.0,,0,False
399,1,19,6.6,4.6,1,True
399,2,0,0.0,,0,False
399,3,0,0.0,,0,False
399,4,0,0.0,,0,False
399,5,0,0.0,,0,False
399,6,0,0.0,,0,False
399,7,0,0.0,,0,False
399,8,0,0.0,,0,False
399,9,0,0.0,,0,False
399,10,0,0.0,,0,False
399,11,0,0.0,,0,False
399,12,0,0.0,,0,False
400,1,30,11.5,4.62,1,True
400,2,32,11.8,5.0,1,True
400,3,37,12.2,4.75,0,True
400,4,27,9.6,4.84,0,True
400,5,35,11.3,4.28,0,True
400,6,30,10.5,4.57,2,True
400,7,32,9.5,4.19,0,True
400,8,31,10.5,4.47,2,True
400,9,29,8.9,4.63,1,True
400,10,32,10.1,4.67,1,True
400,11,31,10.9,4.64,1,True
400,12,37,12.1,4.69,0,True
